prot_hit_num|prot_acc|prot_desc|prot_score|prot_mass|prot_matches|prot_matches_sig|prot_sequences|prot_sequences_sig|pep_query|pep_rank|pep_isbold|pep_isunique|pep_exp_mz|pep_exp_mr|pep_exp_z|pep_calc_mr|pep_delta|pep_miss|pep_score|pep_expect|pep_res_before|pep_seq|pep_res_after|pep_var_mod|pep_var_mod_pos|pep_scan_title
40|Q562R1|Beta-actin-like protein 2 OS=Homo sapiens GN=ACTBL2 PE=1 SV=2|5857|42318|400|212|15|11|202045|1|1|1|1080.8903|3239.6489|3|3239.6728|-0.0239|3|63.61|0.00024|R|TTGIVMDSGDGVTHIVPIYEGYALPHAILR|L|Acetyl:2H(3) (T)|0.000000000000300000000000000000.0|3HA122411_1_ex_T_7_MIx.6812.6812.3
1387|P09132|Signal recognition particle 19 kDa protein OS=Homo sapiens GN=SRP19 PE=1 SV=3|58|16374|8|4|1|1|70242|1|1|1|640.7941|1279.5737|2|1279.5799|-0.0062|1|51.94|0.0013|K|TGGADQSLQQGE|G|Acetyl:2H(3) (S); Acetyl:2H(3) (T)|0.300000200000.0|3HA122411_1_ex_T_3_Mix.2305.2305.2
1533|Q68DA7-3|Isoform 3 of Formin-1 OS=Homo sapiens GN=FMN1|45|53758|1|1|1|1|45016|1|1|1|553.741|1105.4675|2|1105.4603|0.0072|1|44.68|0.0036|D|DSSNGLDPQE|A|Acetyl:2H(3) (S)|0.0200000000.0|3HA120811_1_T_2.2327.2327.2
1323|Q14674|Separin OS=Homo sapiens GN=ESPL1 PE=1 SV=3|65|236564|3|3|1|1|34695|1|1|1|514.8134|1027.6123|2|1027.6217|-0.0094|1|44.98|0.0058|R|QKLASAPLR|L|Acetyl:2H(3) (S)|0.000020000.0|3HA120811_1_T_3.156.156.2
1509|B1AKJ3|Collagen, type IX, alpha 2 (Fragment) OS=Homo sapiens GN=COL9A2 PE=4 SV=1|47|7808|1|1|1|1|22153|1|1|1|460.7423|919.47|2|919.4624|0.0076|0|46.65|0.0069|-|MAAATASPR|S|Acetyl:2H(3) (T)|0.000030000.0|3HA121211_3_T_3.2975.2975.2
22|E7ESU5|Uncharacterized protein OS=Homo sapiens GN=ALB PE=4 SV=2|8479|72464|383|286|40|37|30293|1|1|1|496.7863|991.5581|2|991.5564|0.0017|1|44.8|0.0085|R|LKCASLQK|F|Acetyl:2H(3) (K)|0.01000000.0|3HA122411_1_ex_T_8_Mix.1610.1610.2
830|P22492|Histone H1t OS=Homo sapiens GN=HIST1H1T PE=1 SV=4|181|22006|8|5|3|3|18329|1|1|1|441.7734|881.5323|2|881.528|0.0043|2|39.13|0.0088|K|ARASKSK|L|Acetyl:2H(3) (K); 2 Acetyl:2H(3) (S)|0.0002120.0|3HA120811_1_T_2.2553.2553.2
1513|Q96KS0|Egl nine homolog 2 OS=Homo sapiens GN=EGLN2 PE=1 SV=1|46|44364|2|1|1|1|210402|1|1|1|976.4829|3901.9025|4|3901.8654|0.0372|3|46.13|0.0088|M|DSPCQPQPLSQALPQLPGSSSEPLEPEPGRARMGVE|S|Acetyl:2H(3) (S); Oxidation (M)|0.000000000000000000200000000000004000.0|3HA120811_1_T_5.7680.7680.4
1233|A6NKB1|Uncharacterized protein OS=Homo sapiens GN=TTN PE=4 SV=4|77|3739682|37|18|20|5|18447|1|1|0|442.2892|882.5638|2|882.5558|0.008|2|35.88|0.01|R|TMKKIK|R|2 Acetyl:2H(3) (K); Acetyl:2H(3) (T)|0.301100.0|3HA121211_3_T_5.3859.3859.2
1616|Q5SW24|Dapper homolog 2 OS=Homo sapiens GN=DACT2 PE=2 SV=1|40|83276|2|1|2|1|26766|1|1|1|481.7179|961.4212|2|961.4293|-0.0081|1|39.67|0.014|E|SSDHTTNR|F|Acetyl:2H(3) (T)|0.00000300.0|3HA122411_1_ex_T_8_Mix.126.126.2
1556|Q9UN73|Protocadherin alpha-6 OS=Homo sapiens GN=PCDHA6 PE=2 SV=1|43|103336|1|1|1|1|11181|1|1|1|403.2326|804.4507|2|804.4533|-0.0026|0|42.98|0.015|D|NGTTVIR|L|Acetyl:2H(3) (T)|0.0030000.0|3HA122411_1_ex_T_3_Mix.3192.3192.2
1427|Q8IYA8|Coiled-coil domain-containing protein 36 OS=Homo sapiens GN=CCDC36 PE=1 SV=2|54|66986|6|3|3|1|8287|1|0|1|383.22|764.4255|2|764.4294|-0.0038|1|43.62|0.016|E|MKSNLK|H|Acetyl:2H(3) (S)|0.002000.0|3HA120811_1_T_8.3493.3493.2
1561|Q66K66|Transmembrane protein 198 OS=Homo sapiens GN=TMEM198 PE=2 SV=1|43|40076|1|1|1|1|85110|1|1|1|701.3959|1400.7773|2|1400.7643|0.0131|2|42.61|0.019|D|SHTEVVISRQR|R|Acetyl:2H(3) (S); Acetyl:2H(3) (T)|0.20300000000.0|3HA121211_3_T_2.7498.7498.2
1551|Q6WKZ4|Rab11 family-interacting protein 1 OS=Homo sapiens GN=RAB11FIP1 PE=1 SV=2|43|137510|10|1|3|1|102754|1|1|1|778.3781|1554.7417|2|1554.7294|0.0123|3|43.12|0.02|D|ESSSASDVMSHKR|T|Acetyl:2H(3) (K); 2 Acetyl:2H(3) (S)|0.0000020002010.0|3HA121211_3_T_4.3272.3272.2
61|B2ZZ83|Filamin B OS=Homo sapiens GN=FLNB PE=2 SV=1|3630|283626|167|133|16|11|90296|1|1|1|725.88|1449.7455|2|1449.7543|-0.0088|1|44.32|0.021|D|AGYGGISLAVEGPSK|V|Acetyl:2H(3) (S)|0.000000200000000.0|3HA122411_1_ex_T_1_Mix.4647.4647.2
1810|E7EPM4|Uncharacterized protein OS=Homo sapiens GN=MUC17 PE=4 SV=1|32|426035|3|1|3|1|211802|1|1|1|1010.1987|4036.7658|4|4036.8035|-0.0377|2|32.71|0.021|R|SSPTTSEGTSMPTSTPSEGSTPFTSMPVSTMPVVTSE|A|Acetyl:2H(3) (S); 5 Acetyl:2H(3) (T); 3 Oxidation (M)|0.0000000000403030000230030400034000000.0|3HA120811_1_T_7.7452.7452.4
829|Q6YHK3|CD109 antigen OS=Homo sapiens GN=CD109 PE=1 SV=2|181|162500|7|3|3|2|31702|1|1|1|502.7924|1003.5702|2|1003.5741|-0.0039|2|41.76|0.022|K|KQLTDNLK|E|Acetyl:2H(3) (T)|0.00030000.0|3HA120811_1_T_2.1617.1617.2
1656|Q9H195|Mucin-3B (Fragment) OS=Homo sapiens GN=MUC3B PE=2 SV=1|38|97387|7|1|3|1|23332|1|1|1|466.2869|930.5592|2|930.5577|0.0015|1|38.06|0.025|K|GVEILSLR|N|Acetyl:2H(3) (S)|0.00000200.0|3HA120811_1_T_1.2290.2290.2
1488|Q96Q15|Serine/threonine-protein kinase SMG1 OS=Homo sapiens GN=SMG1 PE=1 SV=3|48|414347|2|2|2|2|59069|1|1|1|401.1898|1200.5476|3|1200.5529|-0.0053|1|39.82|0.025|E|KGGYSVNGGSGE|N|Acetyl:2H(3) (K); Acetyl:2H(3) (S)|0.100000000200.0|3HA122411_1_ex_T_6_Mix.2817.2817.3
1598|Q7Z2W4|Zinc finger CCCH-type antiviral protein 1 OS=Homo sapiens GN=ZC3HAV1 PE=1 SV=3|40|103135|4|1|1|1|20642|1|0|1|453.7387|905.4628|2|905.4646|-0.0018|1|40.33|0.027|E|TGGEAGITR|S|Acetyl:2H(3) (T)|0.300000000.0|3HA122411_1_ex_T_7_MIx.559.559.2
1580|E7ERR5|Uncharacterized protein OS=Homo sapiens GN=NUSAP1 PE=4 SV=1|41|42497|1|1|1|1|43312|1|1|1|365.5199|1093.538|3|1093.527|0.0109|1|41.09|0.028|E|AENAVSSGNR|D|2 Acetyl:2H(3) (S)|0.0000022000.0|3HA121211_3_T_1.2066.2066.3
1558|Q8N7X2|Uncharacterized protein C9orf173 OS=Homo sapiens GN=C9orf173 PE=2 SV=1|43|43078|2|1|1|1|39117|1|1|1|533.279|1064.5434|2|1064.5363|0.0071|2|41.69|0.03|M|MNSDQKAVK|F|Acetyl:2H(3) (K)|0.000001000.0|3HA121211_3_T_7.4689.4689.2
1696|Q8N7D3|Hypothetical gene supported by AK098637 OS=Homo sapiens GN=LOC389603 PE=2 SV=1|36|18417|1|1|1|1|5874|1|1|1|361.7053|721.396|2|721.3989|-0.003|1|36.32|0.032|E|NTKNR|A|Acetyl:2H(3) (K); Acetyl:2H(3) (T)|0.03100.0|3HA120811_1_T_6.1064.1064.2
1589|P25100|Alpha-1D adrenergic receptor OS=Homo sapiens GN=ADRA1D PE=2 SV=2|41|61394|1|1|1|1|30670|1|1|1|498.76|995.5055|2|995.5115|-0.006|1|40.67|0.036|E|LADYSNLR|E|Acetyl:2H(3) (S)|0.00002000.0|3HA122411_1_ex_T_5_Mix.3103.3103.2
1740|Q8IWZ6|Bardet-Biedl syndrome 7 protein OS=Homo sapiens GN=BBS7 PE=1 SV=2|34|81043|8|4|1|1|26205|1|0|1|479.3091|956.6037|2|956.5985|0.0051|1|32.8|0.036|K|TKVPLLLE|I|Acetyl:2H(3) (T)|0.30000000.0|3HA121211_3_T_7.5931.5931.2
1657|E5RHU4|Uncharacterized protein OS=Homo sapiens GN=BIN3 PE=4 SV=1|38|17447|15|3|3|1|14607|1|1|1|422.7656|843.5166|2|843.5145|0.0021|0|35.15|0.037|K|TVIEPLK|K|Acetyl:2H(3) (T)|0.3000000.0|3HA121211_3_T_6.1630.1630.2
1661|Q6ZSZ6|Teashirt homolog 1 OS=Homo sapiens GN=TSHZ1 PE=2 SV=2|38|118812|4|1|1|1|18183|1|1|1|441.2704|880.5262|2|880.5322|-0.006|1|35.98|0.042|E|LSPVHKR|K|Acetyl:2H(3) (K)|0.0000010.0|3HA122411_1_ex_T_7_MIx.4009.4009.2
1233|A6NKB1|Uncharacterized protein OS=Homo sapiens GN=TTN PE=4 SV=4|77|3739682|37|18|20|5|7101|1|0|1|373.7268|745.4391|2|745.4413|-0.0022|1|37.19|0.044|E|KPESIK|V|Acetyl:2H(3) (S)|0.000200.0|3HA122411_1_ex_T_7_MIx.4075.4075.2
570|Q15019|Septin-2 OS=Homo sapiens GN=SEPT2 PE=1 SV=1|362|41689|13|7|7|5|74780|1|0|0|657.3578|1312.701|2|1312.7033|-0.0023|0|39.31|0.05|K|STLINSLFLTD|L|Acetyl:2H(3) (S); Acetyl:2H(3) (T)|0.03000200000.0|3HA121211_3_T_8.5738.5738.2
1685|B5ME49|Uncharacterized protein OS=Homo sapiens GN=MUC16 PE=4 SV=2|37|1520295|18|1|14|1|141854|1|1|1|494.5049|1973.9905|4|1973.9965|-0.006|0|41.11|0.05|E|TNTAFSYVPTGAITQASR|T|Acetyl:2H(3) (S); Acetyl:2H(3) (T)|0.300000000000000020.0|3HA121211_3_T_5.6540.6540.4
1557|B7ZA14|Uncharacterized protein OS=Homo sapiens GN=DLX2 PE=2 SV=1|43|23064|3|1|2|1|73434|1|1|1|652.3687|1302.7228|2|1302.7348|-0.012|2|38.62|0.051|E|SAGLRWLGSRR|V|Acetyl:2H(3) (S)|0.20000000000.0|3HA122411_1_ex_T_3_Mix.8576.8576.2
1587|Q5W111|SPRY domain-containing protein 7 OS=Homo sapiens GN=SPRYD7 PE=1 SV=2|41|22108|1|0|1|0|158672|1|1|1|559.0408|2232.1342|4|2232.148|-0.0138|2|40.82|0.054|E|MPAVQLDTQHMGTDVVIVK|N|Acetyl:2H(3) (K); 2 Acetyl:2H(3) (T); Oxidation (M)|0.4000000300003000001.0|3HA122411_1_ex_T_2_Mix.6422.6422.4
1670|E1B6W7|KLRAQ1 protein OS=Homo sapiens GN=KLRAQ1 PE=2 SV=2|37|84161|1|1|1|1|35953|1|1|1|520.2719|1038.5292|2|1038.5207|0.0084|0|37.37|0.054|E|SSLCTSALR|A|Acetyl:2H(3) (T)|0.000030000.0|3HA120811_1_T_8.1786.1786.2
440|E7EPX7|Uncharacterized protein OS=Homo sapiens GN=ITPR1 PE=4 SV=2|511|315329|26|17|17|11|192065|1|1|1|746.8493|2983.3681|4|2983.3849|-0.0168|1|36.21|0.056|R|ESLTSFGNGPLSAGGPGKPGGGGGGSGSSSMSR|G|Acetyl:2H(3) (K); Acetyl:2H(3) (S)|0.000020000000000001000000000000000.0|3HA121211_3_T_2.4175.4175.4
1652|A0AVI2|Fer-1-like protein 5 OS=Homo sapiens GN=FER1L5 PE=2 SV=2|38|243975|13|1|2|1|48789|1|0|1|378.207|1131.5993|3|1131.6037|-0.0044|1|38.18|0.057|E|LTCNIPLEK|D|Acetyl:2H(3) (T)|0.030000000.0|3HA122411_1_ex_T_4_Mix.2703.2703.3
1752|C9JMH9|Uncharacterized protein OS=Homo sapiens GN=CDY2A PE=4 SV=1|34|62713|1|0|1|0|183967|1|1|1|912.4118|2734.2136|3|2734.2381|-0.0245|0|33.59|0.058|K|TQMHPLMSQMSGSVTASMATGSATR|K|Acetyl:2H(3) (S); 2 Acetyl:2H(3) (T); 2 Oxidation (M)|0.3000000204000000040000030.0|3HA121211_3_T_7.7904.7904.3
214|Q14974|Importin subunit beta-1 OS=Homo sapiens GN=KPNB1 PE=1 SV=2|1104|98420|35|30|14|11|31917|1|1|1|503.7817|1005.5489|2|1005.5495|-0.0007|1|37.33|0.062|-|MELITILE|K|Acetyl:2H(3) (T)|0.00003000.0|3HA120811_1_T_8.3423.3423.2
1084|C4AM86|Uncharacterized protein OS=Homo sapiens GN=KRT35 PE=3 SV=1|101|48816|10|4|2|1|68382|1|0|1|633.812|1265.6093|2|1265.6113|-0.0019|3|37.92|0.063|E|KETMQSLNDR|L|Acetyl:2H(3) (K)|0.1000000000.0|3HA122411_1_ex_T_3_Mix.4244.4244.2
1676|F8WA73|Uncharacterized protein OS=Homo sapiens GN=MIB2 PE=4 SV=1|37|117670|1|0|1|0|210785|1|1|1|1308.641|3922.9011|3|3922.9126|-0.0115|3|37.07|0.064|R|SRAARPTMDPSAHRSRAAPPNMDPDPQAGVQVGMR|V|3 Acetyl:2H(3) (S); Acetyl:2H(3) (T); Oxidation (M)|0.20000030002000200000040000000000000.0|3HA121211_3_T_3.9229.9229.3
1585|Q2KJ05|Uncharacterized protein OS=Homo sapiens GN=ZEB1 PE=2 SV=1|41|125824|4|0|1|0|72761|1|1|1|650.3203|1298.626|2|1298.6188|0.0072|1|37.82|0.065|E|KPESSVSSATGD|G|2 Acetyl:2H(3) (S); Acetyl:2H(3) (T)|0.000000220300.0|3HA120811_1_T_5.1363.1363.2
1904|Q5SSG8-3|Isoform 3 of Mucin-21 OS=Homo sapiens GN=MUC21|29|40365|2|0|2|0|213243|1|1|1|1401.6221|4201.8444|3|4201.806|0.0384|1|27.14|0.065|E|SSTTSSGASTATNSGSSTTSSGTSTATNSESSTVSSGASTATTSE|S|2 Acetyl:2H(3) (S); Acetyl:2H(3) (T)|0.000300000000000000000000000000220000000000000.0|3HA121211_3_T_7.9077.9077.3
1642|Q7Z591-7|Isoform 7 of AT-hook-containing transcription factor OS=Homo sapiens GN=AKNA|39|142330|4|0|3|0|88403|1|1|1|478.2616|1431.763|3|1431.749|0.014|3|38.67|0.067|D|GKRGVGSAGWPDR|V|Acetyl:2H(3) (K); Acetyl:2H(3) (S)|0.0100002000000.0|3HA120811_1_T_4.6093.6093.3
1260|F8VRQ1|Uncharacterized protein OS=Homo sapiens GN=HNRNPA1 PE=4 SV=1|74|33249|7|2|5|2|32799|1|1|1|507.7393|1013.4641|2|1013.4718|-0.0077|0|33.97|0.074|E|MASASSSQR|G|2 Acetyl:2H(3) (S)|0.000002200.0|3HA120811_1_T_8.1203.1203.2
1573|F5GWG2|Uncharacterized protein OS=Homo sapiens GN=NEU4 PE=4 SV=1|42|53024|4|0|2|0|46207|1|1|1|557.7626|1113.5106|2|1113.5139|-0.0033|2|34.94|0.08|R|ECFGKICR|T|Acetyl:2H(3) (K)|0.00001000.0|3HA122411_1_ex_T_5_Mix.2424.2424.2
1707|Q96N46|Tetratricopeptide repeat protein 14 OS=Homo sapiens GN=TTC14 PE=1 SV=1|36|88778|2|0|1|0|39059|1|1|1|533.2563|1064.498|2|1064.5078|-0.0098|2|35.81|0.08|D|FGGRSEDPR|D|Acetyl:2H(3) (S)|0.000020000.0|3HA122411_1_ex_T_7_MIx.2940.2940.2
333|E7EP74|Uncharacterized protein OS=Homo sapiens GN=GOLGB1 PE=4 SV=1|697|378333|40|16|25|10|53623|1|1|1|582.797|1163.5794|2|1163.5749|0.0045|1|36.88|0.083|D|QLTDLSNSLE|K|Acetyl:2H(3) (S)|0.0000000200.0|3HA121211_3_T_1.4387.4387.2
1764|O95613|Pericentrin OS=Homo sapiens GN=PCNT PE=1 SV=4|33|380600|4|0|4|0|24108|1|0|1|470.229|938.4435|2|938.4458|-0.0023|2|34.79|0.086|K|TELMKQE|F|Acetyl:2H(3) (T); Oxidation (M)|0.3004000.0|3HA120811_1_T_5.1817.1817.2
1686|Q13470|Non-receptor tyrosine-protein kinase TNK1 OS=Homo sapiens GN=TNK1 PE=1 SV=3|37|73049|1|0|1|0|65469|1|1|1|623.3234|1244.6322|2|1244.6328|-0.0006|0|36.61|0.09|K|AAALSGGLLSDPE|L|Acetyl:2H(3) (S)|0.0000200000000.0|3HA122411_1_ex_T_3_Mix.2551.2551.2
1625|Q96T23|Remodeling and spacing factor 1 OS=Homo sapiens GN=RSF1 PE=1 SV=2|39|165260|3|1|3|1|35737|1|1|1|518.788|1035.5614|2|1035.5639|-0.0026|2|35.72|0.09|E|STALQKTDK|K|Acetyl:2H(3) (T)|0.000000300.0|3HA122411_1_ex_T_6_Mix.5110.5110.2
434|O14980|Exportin-1 OS=Homo sapiens GN=XPO1 PE=1 SV=1|524|124447|20|15|8|5|18515|1|1|1|442.7641|883.5136|2|883.5206|-0.007|1|30.46|0.093|E|VLTHLKE|H|Acetyl:2H(3) (K)|0.0000010.0|3HA122411_1_ex_T_1_Mix.3432.3432.2
1850|E7EMW7|Uncharacterized protein OS=Homo sapiens GN=UBR5 PE=4 SV=1|31|311575|2|0|2|0|183008|1|1|1|902.7361|2705.1866|3|2705.1777|0.0089|1|30.69|0.096|E|MGPPPSPASTCSDASSIASSASMPYK|R|Acetyl:2H(3) (K); Acetyl:2H(3) (S); 2 Oxidation (M)|0.40000000000200000000004001.0|3HA122411_1_ex_T_1_Mix.7484.7484.3
1666|P48051|G protein-activated inward rectifier potassium channel 2 OS=Homo sapiens GN=KCNJ6 PE=1 SV=1|38|48763|6|0|2|0|115665|1|1|1|839.9233|1677.8321|2|1677.8368|-0.0047|2|37.67|0.1|E|TETTIGYGYRVITD|K|2 Acetyl:2H(3) (T)|0.30000000000030.0|3HA121211_3_T_4.4664.4664.2
1682|Q15022|Polycomb protein SUZ12 OS=Homo sapiens GN=SUZ12 PE=1 SV=3|37|83744|5|0|2|0|78311|1|1|1|671.3624|1340.7102|2|1340.7089|0.0013|1|36.75|0.11|D|FNLISIMSIDK|A|Acetyl:2H(3) (S); Oxidation (M)|0.00002040000.0|3HA121211_3_T_5.5272.5272.2
1741|B7Z8M6|Uncharacterized protein OS=Homo sapiens GN=BHLHE41 PE=2 SV=1|34|42116|3|0|3|0|105349|1|1|1|789.3731|1576.7317|2|1576.731|0.0007|0|34.41|0.11|K|GTGAPSAAGSAAAPCLE|R|Acetyl:2H(3) (S); Acetyl:2H(3) (T)|0.03000200000000000.0|3HA122411_1_ex_T_6_Mix.2655.2655.2
800|P48736|Phosphatidylinositol-4,5-bisphosphate 3-kinase catalytic subunit gamma isoform OS=Homo sapiens GN=PIK3CG PE=1 SV=3|196|127571|7|4|4|2|22194|1|1|1|460.7824|919.5503|2|919.5417|0.0086|2|32.37|0.11|D|IKSLSAEK|Y|Acetyl:2H(3) (K)|0.01000000.0|3HA121211_3_T_6.8149.8149.2
1902|P0C7P2|Putative protein RFPL3S OS=Homo sapiens GN=RFPL3-AS1 PE=2 SV=1|29|12016|2|0|2|0|37558|1|1|1|526.3339|1050.6532|2|1050.6635|-0.0103|1|29.17|0.11|R|KLLAVSASK|V|Acetyl:2H(3) (K); 2 Acetyl:2H(3) (S)|0.000002021.0|3HA120811_1_T_7.685.685.2
1722|E7EPL3|Uncharacterized protein OS=Homo sapiens GN=DENND4A PE=4 SV=2|35|216248|2|0|2|0|49657|1|1|1|570.2917|1138.5688|2|1138.5737|-0.0048|0|35.21|0.11|R|LTGTSNNSAGK|I|Acetyl:2H(3) (S); Acetyl:2H(3) (T)|0.03000002000.0|3HA120811_1_T_3.4188.4188.2
1916|Q8NC44|Protein FAM134A OS=Homo sapiens GN=FAM134A PE=1 SV=3|29|58136|4|0|3|0|208198|1|1|1|1186.865|3557.5731|3|3557.5999|-0.0268|2|28.73|0.11|-|MASGGGGGNTGAGGGPGMGLSLGLGLGLSLGMSEATSEAE|E|Acetyl:2H(3) (S); 3 Oxidation (M)|0.4020000000000000040000000000000400000000.0|3HA122411_1_ex_T_7_MIx.8601.8601.3
1690|Q6ZS81|WD repeat- and FYVE domain-containing protein 4 OS=Homo sapiens GN=WDFY4 PE=1 SV=3|37|357889|6|0|3|0|61189|1|1|1|608.7982|1215.5818|2|1215.5858|-0.004|0|35.13|0.11|R|NCAGHLSGSLR|T|Acetyl:2H(3) (S)|0.00000020000.0|3HA122411_1_ex_T_5_Mix.3433.3433.2
2039|E7ETA6|Uncharacterized protein OS=Homo sapiens GN=PCM1 PE=4 SV=1|25|229245|3|0|3|0|91761|1|1|1|488.5322|1462.5747|3|1462.571|0.0036|2|25.17|0.11|E|QTSDMMTDAVNE|N|Acetyl:2H(3) (S); Acetyl:2H(3) (T); 2 Oxidation (M)|0.032044000000.0|3HA121211_3_T_2.324.324.3
1718|Q9Y5G4|Protocadherin gamma-A9 OS=Homo sapiens GN=PCDHGA9 PE=2 SV=1|35|102195|1|0|1|0|44778|1|1|1|552.7787|1103.5428|2|1103.5538|-0.011|2|35.45|0.11|E|VTDINDSAPK|F|Acetyl:2H(3) (S)|0.0000002000.0|3HA121211_3_T_3.3142.3142.2
1763|Q96K19-2|Isoform 2 of RING finger protein 170 OS=Homo sapiens GN=RNF170|33|27147|1|0|1|0|34925|1|1|1|515.7868|1029.5591|2|1029.5646|-0.0056|1|33.42|0.12|E|AKAGGSLEPR|S|Acetyl:2H(3) (K)|0.0100000000.0|3HA121211_3_T_5.4120.4120.2
1694|Q8WWQ0|PH-interacting protein OS=Homo sapiens GN=PHIP PE=1 SV=2|36|208327|4|0|3|0|130462|1|1|1|917.4507|1832.8868|2|1832.8969|-0.01|2|36.44|0.12|R|NRSSSVSSSAASSPER|K|5 Acetyl:2H(3) (S)|0.0022202200000000.0|3HA120811_1_T_5.4837.4837.2
1257|Q9Y4D1|Disheveled-associated activator of morphogenesis 1 OS=Homo sapiens GN=DAAM1 PE=1 SV=2|74|123966|7|3|6|3|25986|1|1|1|478.2468|954.4791|2|954.4737|0.0054|2|34.46|0.12|E|TELEYQK|S|Acetyl:2H(3) (T)|0.3000000.0|3HA122411_1_ex_T_2_Mix.570.570.2
1482|O43149|Zinc finger ZZ-type and EF-hand domain-containing protein 1 OS=Homo sapiens GN=ZZEF1 PE=1 SV=6|49|335767|5|0|4|0|30497|1|0|1|497.7861|993.5577|2|993.5574|0.0002|0|33.59|0.13|K|FLPTGISSK|E|Acetyl:2H(3) (T)|0.000300000.0|3HA121211_3_T_6.1598.1598.2
1496|Q5TEZ5|Uncharacterized protein C6orf163 OS=Homo sapiens GN=C6orf163 PE=1 SV=2|48|38757|3|2|3|2|124854|1|1|1|593.0038|1775.9895|3|1776.0047|-0.0151|1|34.91|0.13|E|LLSIAKQLGIMTNWK|D|Acetyl:2H(3) (T); Oxidation (M)|0.000000000043000.0|3HA122411_1_ex_T_7_MIx.7813.7813.3
77|C9J243|Uncharacterized protein OS=Homo sapiens GN=PKHD1L1 PE=4 SV=1|2729|470415|125|95|51|42|13294|1|1|1|416.2581|830.5016|2|830.4941|0.0075|0|32.47|0.13|D|QSTPILK|M|Acetyl:2H(3) (T)|0.0030000.0|3HA122411_1_ex_T_6_Mix.3859.3859.2
1857|Q1X8D7|Leucine-rich repeat-containing protein 36 OS=Homo sapiens GN=LRRC36 PE=2 SV=2|30|84284|1|0|1|0|30720|1|1|1|498.8085|995.6024|2|995.5961|0.0063|1|30.46|0.13|D|SSTGRLLK|L|2 Acetyl:2H(3) (S); Acetyl:2H(3) (T)|0.22300000.0|3HA122411_1_ex_T_8_Mix.5167.5167.2
411|E7EVU8|Uncharacterized protein OS=Homo sapiens GN=HUWE1 PE=4 SV=1|551|485780|25|14|17|10|136059|1|1|1|949.4423|1896.87|2|1896.8647|0.0053|2|33.9|0.13|D|TSAAGSSEQPRAGSSTPGD|A|Acetyl:2H(3) (S); 2 Acetyl:2H(3) (T)|0.3000002000000003000.0|3HA120811_1_T_4.3334.3334.2
1769|B7WPF4|Ubiquitin carboxyl-terminal hydrolase OS=Homo sapiens GN=USP24 PE=3 SV=2|33|280147|1|0|1|0|178094|1|1|1|649.3698|2593.4501|4|2593.4485|0.0016|3|32.98|0.14|K|LLLLIPTDPAIQEALDQLDSLGR|K|Acetyl:2H(3) (S); Acetyl:2H(3) (T)|0.00000030000000000002000.0|3HA120811_1_T_4.7921.7921.4
59|F5H1X8|Uncharacterized protein OS=Homo sapiens GN=LRBA PE=4 SV=1|3793|320211|176|120|70|51|101120|1|1|1|514.8901|1541.6486|3|1541.6535|-0.0049|2|28.2|0.14|D|SAQASDMGGESPGSR|S|2 Acetyl:2H(3) (S); Oxidation (M)|0.200020400000000.0|3HA122411_1_ex_T_2_Mix.727.727.3
1879|Q9BY89|Uncharacterized protein KIAA1671 OS=Homo sapiens GN=KIAA1671 PE=1 SV=2|30|197617|7|0|4|0|38191|1|1|1|528.7787|1055.5429|2|1055.5479|-0.005|0|34.49|0.14|E|TPSWAPQPK|S|Acetyl:2H(3) (T)|0.300000000.0|3HA120811_1_T_5.2745.2745.2
529|Q9UHQ9|NADH-cytochrome b5 reductase 1 OS=Homo sapiens GN=CYB5R1 PE=1 SV=1|413|34244|28|11|8|5|23432|1|0|1|466.748|931.4815|2|931.4802|0.0013|0|33.23|0.14|K|TTVSHNTK|R|Acetyl:2H(3) (T)|0.30000000.0|3HA122411_1_ex_T_4_Mix.1330.1330.2
1800|B5MDN1|Uncharacterized protein OS=Homo sapiens GN=CASC1 PE=4 SV=3|32|56736|5|2|4|1|37008|1|0|1|523.7946|1045.5747|2|1045.5734|0.0013|3|33.69|0.15|R|LKLLQEEE|E|Acetyl:2H(3) (K)|0.01000000.0|3HA120811_1_T_8.7120.7120.2
1230|O00629|Importin subunit alpha-4 OS=Homo sapiens GN=KPNA4 PE=1 SV=1|78|58364|5|2|3|1|173417|1|1|1|1257.6854|2513.3563|2|2513.3391|0.0172|1|34.63|0.15|E|QIQMVIDSGIVPHLVPLLSHQE|V|Acetyl:2H(3) (S); Oxidation (M)|0.0004000000000000002000.0|3HA122411_1_ex_T_3_Mix.7965.7965.2
1768|E7ES04|Uncharacterized protein OS=Homo sapiens GN=SLC12A1 PE=4 SV=1|33|65076|1|0|1|0|158873|1|1|1|559.7647|2235.0297|4|2235.0319|-0.0022|2|33.07|0.15|K|TGLAYKEQNQGFLCCSGGR|L|Acetyl:2H(3) (K); Acetyl:2H(3) (T)|0.3000010000000000000.0|3HA120811_1_T_2.7973.7973.4
1807|O95273|Cyclin-D1-binding protein 1 OS=Homo sapiens GN=CCNDBP1 PE=1 SV=2|32|40636|1|0|1|0|211928|1|1|1|1010.235|4036.9111|4|4036.9497|-0.0386|3|31.9|0.15|E|VLSVTPTQSPENNDLISYNSVWVACQQMPQIPRD|N|2 Acetyl:2H(3) (S); Acetyl:2H(3) (T); Oxidation (M)|0.0000300000000000200200000004000000.0|3HA121211_3_T_8.9263.9263.4
1700|Q9UIG0|Tyrosine-protein kinase BAZ1B OS=Homo sapiens GN=BAZ1B PE=1 SV=2|36|172392|6|0|3|0|159181|1|1|1|1120.0745|2238.1344|2|2238.1182|0.0162|3|36.17|0.16|E|MVHHNTASLEKLVDTAWLE|I|Acetyl:2H(3) (T)|0.0000000000000030000.0|3HA121211_3_T_7.5830.5830.2
170|P49327|Fatty acid synthase OS=Homo sapiens GN=FASN PE=1 SV=3|1351|275877|48|32|29|21|12369|1|1|1|274.5043|820.4912|3|820.4925|-0.0013|2|29.86|0.17|K|LKDLSR|F|Acetyl:2H(3) (K); Acetyl:2H(3) (S)|0.010020.0|3HA121211_3_T_4.2656.2656.3
1761|Q7L8W6|ATP-binding domain-containing protein 4 OS=Homo sapiens GN=ATPBD4 PE=1 SV=3|33|30629|2|0|1|0|11283|1|1|1|404.215|806.4155|2|806.4101|0.0054|1|32.19|0.18|K|IIVDSSE|V|Acetyl:2H(3) (S)|0.0000020.0|3HA120811_1_T_6.2510.2510.2
1637|P43146|Netrin receptor DCC OS=Homo sapiens GN=DCC PE=1 SV=2|39|159270|4|2|3|1|209319|1|1|1|1220.5468|3658.6184|3|3658.6435|-0.0251|3|25.5|0.18|E|KGSQYSFQVSAMTVNGTGPPSNWYTAETPEND|L|3 Acetyl:2H(3) (S); Acetyl:2H(3) (T); Oxidation (M)|0.00200200020430000000000000000000.0|3HA122411_1_ex_T_4_Mix.6541.6541.3
1877|E7EV50|Uncharacterized protein OS=Homo sapiens GN=GABRB2 PE=3 SV=1|30|47700|1|0|1|0|135113|1|1|1|629.9509|1886.8308|3|1886.8396|-0.0088|3|29.96|0.18|M|NIDIASIDMVSEVNMD|Y|2 Acetyl:2H(3) (S); 2 Oxidation (M)|0.0000020040200040.0|3HA120811_1_T_8.4224.4224.3
1125|E7EQI5|Uncharacterized protein OS=Homo sapiens GN=SYNE1 PE=4 SV=2|93|1017127|19|3|10|1|75368|1|1|1|659.3801|1316.7456|2|1316.7379|0.0077|3|32.26|0.18|K|QSEADALAVLKK|A|Acetyl:2H(3) (S)|0.020000000000.0|3HA120811_1_T_4.5952.5952.2
1745|Q6ZQQ6|WD repeat-containing protein 87 OS=Homo sapiens GN=WDR87 PE=2 SV=3|34|335256|4|0|3|0|114978|1|1|1|836.465|1670.9155|2|1670.9143|0.0012|2|34.1|0.18|R|RLLNDTTNSNPLIR|E|Acetyl:2H(3) (S)|0.00000000200000.0|3HA122411_1_ex_T_8_Mix.6590.6590.2
1337|E7EPJ5|Uncharacterized protein OS=Homo sapiens GN=DNAH11 PE=4 SV=1|63|524886|9|3|7|1|11168|1|1|1|403.2203|804.4261|2|804.4308|-0.0047|0|31.8|0.18|K|TITSIPE|S|Acetyl:2H(3) (T)|0.3000000.0|3HA120811_1_T_1.4770.4770.2
1498|Q05469|Hormone-sensitive lipase OS=Homo sapiens GN=LIPE PE=1 SV=4|47|117323|7|0|3|0|93709|1|1|1|740.8917|1479.7689|2|1479.7794|-0.0105|0|34.87|0.18|E|VLSSLANMASATVR|V|Acetyl:2H(3) (S); Oxidation (M)|0.00000004020000.0|3HA120811_1_T_1.5625.5625.2
1759|O60347|TBC1 domain family member 12 OS=Homo sapiens GN=TBC1D12 PE=1 SV=3|33|86370|2|1|2|1|8824|1|1|1|387.1982|772.3819|2|772.3794|0.0025|2|29.27|0.19|E|EETPPR|Q|Acetyl:2H(3) (T)|0.003000.0|3HA122411_1_ex_T_8_Mix.925.925.2
1971|Q8WXH6|Ras-related protein Rab-40A OS=Homo sapiens GN=RAB40A PE=2 SV=2|27|31569|2|0|2|0|24350|1|1|1|471.2921|940.5697|2|940.5785|-0.0087|0|27.17|0.19|K|LPLPSTLR|S|Acetyl:2H(3) (S)|0.00002000.0|3HA121211_3_T_7.4171.4171.2
1731|Q6MZM0|Hephaestin-like protein 1 OS=Homo sapiens GN=HEPHL1 PE=2 SV=2|35|132545|2|0|1|0|79826|1|1|1|677.8154|1353.6162|2|1353.624|-0.0078|2|31.85|0.19|D|SEGALYPDGTSGR|N|Acetyl:2H(3) (S)|0.0000000000200.0|3HA120811_1_T_7.816.816.2
1982|G3V1B5|Down syndrome cell adhesion molecule like 1, isoform CRA_a OS=Homo sapiens GN=DSCAML1 PE=4 SV=1|27|202581|2|0|2|0|83948|1|1|1|696.7973|1391.5801|2|1391.5708|0.0092|1|27.03|0.19|D|SSSDQMTTGTNE|N|3 Acetyl:2H(3) (T)|0.000000330300.0|3HA120811_1_T_2.1322.1322.2
1088|Q9Y285|Phenylalanyl-tRNA synthetase alpha chain OS=Homo sapiens GN=FARSA PE=1 SV=3|101|57585|3|2|2|1|111559|1|1|1|410.9461|1639.7554|4|1639.7591|-0.0037|2|32.25|0.19|E|TELSPEMISSGSWR|D|Acetyl:2H(3) (T); Oxidation (M)|0.30000040000000.0|3HA120811_1_T_6.4068.4068.4
588|P42229|Signal transducer and activator of transcription 5A OS=Homo sapiens GN=STAT5A PE=1 SV=1|345|91161|18|12|9|5|30434|1|0|0|497.7425|993.4704|2|993.4694|0.0011|3|31.99|0.2|R|GAESVTEEK|F|Acetyl:2H(3) (S)|0.000200000.0|3HA120811_1_T_2.2791.2791.2
1680|B4E345|Uncharacterized protein OS=Homo sapiens GN=TLE1 PE=2 SV=1|37|62342|2|0|1|0|150404|1|1|1|1050.0609|2098.1073|2|2098.1006|0.0067|3|34.93|0.2|R|IKEEFQFLQAQYHSLK|L|Acetyl:2H(3) (K); Acetyl:2H(3) (S)|0.0100000000000200.0|3HA120811_1_T_6.9636.9636.2
574|P25786|Proteasome subunit alpha type-1 OS=Homo sapiens GN=PSMA1 PE=1 SV=1|359|29822|18|12|9|5|16825|1|1|1|435.2703|868.5261|2|868.5322|-0.0061|0|27.37|0.2|D|RPLPVSR|L|Acetyl:2H(3) (S)|0.0000020.0|3HA122411_1_ex_T_3_Mix.1834.1834.2
521|F5GXV7|Uncharacterized protein OS=Homo sapiens GN=NBEA PE=4 SV=1|419|330108|17|8|6|4|213959|1|1|1|1083.0112|4328.0158|4|4328.0417|-0.0258|2|28.26|0.2|K|SMINTTGAVDSGSSSSSSSSSFVNGATSKNLPAVQTVAPMPE|D|Acetyl:2H(3) (K); Acetyl:2H(3) (S); 3 Acetyl:2H(3) (T); Oxidation (M)|0.200033000000000000000000000010000003000400.0|3HA121211_3_T_6.8765.8765.4
1795|E9PMR6|Uncharacterized protein OS=Homo sapiens GN=ARHGEF12 PE=4 SV=1|32|162721|2|0|2|0|82465|1|1|1|689.832|1377.6494|2|1377.6451|0.0042|2|32.14|0.2|D|TGSKQVGETSAPGD|T|Acetyl:2H(3) (T)|0.30000000000000.0|3HA120811_1_T_3.1399.1399.2
1704|Q7Z3E2|Uncharacterized protein C10orf118 OS=Homo sapiens GN=C10orf118 PE=2 SV=2|36|104307|10|1|5|1|9260|1|0|1|389.248|776.4815|2|776.4835|-0.002|3|27.2|0.2|E|TKDKLK|E|Acetyl:2H(3) (T)|0.300000.0|3HA120811_1_T_5.3979.3979.2
1792|B4DPU4|Uncharacterized protein OS=Homo sapiens GN=SLAMF7 PE=2 SV=1|32|22942|2|0|1|0|53165|1|1|1|387.8627|1160.5664|3|1160.5654|0.001|1|32.2|0.2|E|YDTIPHTNR|T|Acetyl:2H(3) (T)|0.003000000.0|3HA121211_3_T_1.1878.1878.3
59|F5H1X8|Uncharacterized protein OS=Homo sapiens GN=LRBA PE=4 SV=1|3793|320211|176|120|70|51|185063|1|1|1|692.3333|2765.3041|4|2765.3114|-0.0073|2|32.42|0.21|E|GTSLVCMKSSSSVVELVMLLCSQE|W|2 Acetyl:2H(3) (S); 2 Oxidation (M)|0.000000400022000004000000.0|3HA122411_1_ex_T_2_Mix.5309.5309.4
1986|F6YA60|Uncharacterized protein OS=Homo sapiens GN=ITFG2 PE=4 SV=1|27|37870|1|0|1|0|68662|1|1|1|423.5996|1267.7769|3|1267.7691|0.0078|1|26.79|0.21|E|HLTGQLVSLKK|W|Acetyl:2H(3) (T)|0.00300000000.0|3HA122411_1_ex_T_2_Mix.9515.9515.3
1201|P08237|6-phosphofructokinase, muscle type OS=Homo sapiens GN=PFKM PE=1 SV=2|83|85984|6|1|3|1|16369|1|1|1|432.2411|862.4677|2|862.47|-0.0023|1|29.91|0.21|K|QSAAGTKR|R|Acetyl:2H(3) (S)|0.02000000.0|3HA122411_1_ex_T_6_Mix.772.772.2
670|Q9P126|C-type lectin domain family 1 member B OS=Homo sapiens GN=CLEC1B PE=1 SV=2|285|27091|12|8|4|3|2816|1|0|0|325.181|648.3475|2|648.3522|-0.0046|1|34.2|0.21|K|QSELK|G|Acetyl:2H(3) (S)|0.02000.0|3HA121211_3_T_8.933.933.2
1757|F5H7K8|Tyrosine-protein kinase OS=Homo sapiens GN=TYK2 PE=3 SV=1|33|106247|4|1|2|1|21308|1|1|1|457.2125|912.4105|2|912.4055|0.0049|1|28.76|0.22|E|EGSSGSSGR|N|2 Acetyl:2H(3) (S)|0.002002000.0|3HA121211_3_T_4.1123.1123.2
904|D6RJC3|Uncharacterized protein OS=Homo sapiens GN=INPP4B PE=4 SV=1|152|92752|13|2|6|2|14641|1|1|1|423.2118|844.409|2|844.4085|0.0005|1|29.29|0.22|K|ETGSSFK|S|Acetyl:2H(3) (S); Acetyl:2H(3) (T)|0.0300200.0|3HA120811_1_T_7.2220.2220.2
1494|Q92736|Ryanodine receptor 2 OS=Homo sapiens GN=RYR2 PE=1 SV=3|48|569338|10|4|5|1|60352|1|1|1|605.7844|1209.5542|2|1209.5626|-0.0085|3|31.09|0.22|K|EVDGMGTSEIK|Y|Acetyl:2H(3) (T)|0.00000030000.0|3HA122411_1_ex_T_7_MIx.1353.1353.2
1977|F8W8A5|Uncharacterized protein OS=Homo sapiens GN=DONSON PE=4 SV=1|27|61360|2|0|2|0|8632|1|1|1|386.2161|770.4176|2|770.4114|0.0062|0|27.81|0.22|R|GAAASPPR|E|Acetyl:2H(3) (S)|0.00002000.0|3HA122411_1_ex_T_2_Mix.977.977.2
1754|E9PE41|Uncharacterized protein OS=Homo sapiens GN=LRRCC1 PE=4 SV=1|34|110572|4|0|2|0|93033|1|1|1|738.3768|1474.7391|2|1474.7422|-0.0031|3|33.56|0.23|K|TEIIKVDQSHSE|D|Acetyl:2H(3) (K); Acetyl:2H(3) (T)|0.300010000000.0|3HA120811_1_T_8.8263.8263.2
1846|Q6NY19|KN motif and ankyrin repeat domain-containing protein 3 OS=Homo sapiens GN=KANK3 PE=2 SV=1|31|88999|5|0|3|0|55259|1|1|1|392.1956|1173.5651|3|1173.5705|-0.0054|3|30.82|0.23|E|TREAGVEAAPE|T|Acetyl:2H(3) (T)|0.30000000000.0|3HA121211_3_T_6.1864.1864.3
1623|Q8NCY6|Coiled-coil domain-containing protein KIAA1826 OS=Homo sapiens GN=KIAA1826 PE=1 SV=1|39|41181|12|2|3|1|92845|1|1|1|737.3855|1472.7564|2|1472.755|0.0015|3|33.56|0.24|E|KPSLENELGQGEK|S|Acetyl:2H(3) (S)|0.0020000000000.0|3HA120811_1_T_5.1130.1130.2
1773|F5GXH8|Uncharacterized protein OS=Homo sapiens GN=RBM20 PE=4 SV=1|33|123357|1|0|1|0|98973|1|1|1|763.4244|1524.8343|2|1524.8306|0.0037|1|32.82|0.24|D|TRLVSGYSLTPLE|K|Acetyl:2H(3) (S); Acetyl:2H(3) (T)|0.0000000203000.0|3HA121211_3_T_7.4768.4768.2
1823|Q9Y6R7|IgGFc-binding protein OS=Homo sapiens GN=FCGBP PE=1 SV=3|31|596443|5|0|3|0|135477|1|1|1|631.3602|1891.0589|3|1891.0725|-0.0136|2|31.39|0.25|K|LASVSVSRTPDGSLLVR|Q|3 Acetyl:2H(3) (S)|0.00202020000000000.0|3HA122411_1_ex_T_4_Mix.9400.9400.3
1841|B1APH4|Putative zinc finger protein 487 OS=Homo sapiens GN=ZNF487P PE=5 SV=3|31|52504|2|0|2|0|35080|1|1|1|516.2886|1030.5626|2|1030.5533|0.0093|0|30.96|0.25|-|MASRPRPR|T|Acetyl:2H(3) (S); Oxidation (M)|0.40200000.0|3HA121211_3_T_2.1533.1533.2
1775|Q96DR7-3|Isoform 2 of Rho guanine nucleotide exchange factor 26 OS=Homo sapiens GN=ARHGEF26|33|48195|6|0|3|0|56328|1|1|1|394.8748|1181.6026|3|1181.5986|0.004|1|32.8|0.25|D|SPGSGSQSGRK|A|Acetyl:2H(3) (K); 2 Acetyl:2H(3) (S)|0.00020200001.0|3HA121211_3_T_4.5895.5895.3
1637|P43146|Netrin receptor DCC OS=Homo sapiens GN=DCC PE=1 SV=2|39|159270|4|2|3|1|92127|1|1|1|733.8375|1465.6604|2|1465.6598|0.0005|2|29.48|0.25|D|TEEAGSSMSTLE|R|3 Acetyl:2H(3) (S); 2 Acetyl:2H(3) (T)|0.300002202300.0|3HA122411_1_ex_T_6_Mix.2907.2907.2
714|P48507|Glutamate--cysteine ligase regulatory subunit OS=Homo sapiens GN=GCLM PE=1 SV=1|255|31050|9|6|5|3|21718|1|1|1|458.7464|915.4782|2|915.4853|-0.0071|3|29.12|0.27|E|KINPDER|E|Acetyl:2H(3) (K)|0.1000000.0|3HA122411_1_ex_T_4_Mix.952.952.2
1948|Q8IW35|Centrosomal protein of 97 kDa OS=Homo sapiens GN=CEP97 PE=1 SV=1|28|97776|2|0|2|0|120884|1|1|1|868.3877|1734.7608|2|1734.7452|0.0157|2|27.68|0.27|K|SSTEGSESSIMGNSID|T|3 Acetyl:2H(3) (S)|0.0000020220000000.0|3HA122411_1_ex_T_7_MIx.2558.2558.2
729|F8W1A4|Uncharacterized protein OS=Homo sapiens GN=AK2 PE=3 SV=1|243|25842|11|6|6|4|98793|1|1|1|762.9358|1523.857|2|1523.8499|0.0071|3|30.89|0.28|R|AMVASGSELGKKLK|A|2 Acetyl:2H(3) (S); Oxidation (M)|0.04002020000000.0|3HA121211_3_T_7.5103.5103.2
1631|C9JJJ0|Uncharacterized protein OS=Homo sapiens GN=SYNPO2 PE=4 SV=1|39|118773|4|1|2|1|35276|1|1|1|517.2371|1032.4596|2|1032.4551|0.0044|2|27.64|0.28|E|GTEQGEDPR|S|Acetyl:2H(3) (T)|0.030000000.0|3HA121211_3_T_5.1483.1483.2
68|Q9UPN3|Microtubule-actin cross-linking factor 1, isoforms 1/2/3/5 OS=Homo sapiens GN=MACF1 PE=1 SV=4|3263|843033|173|119|89|64|26719|1|0|0|481.2588|960.5031|2|960.4955|0.0076|1|30.85|0.28|E|ITAPDSQGK|T|Acetyl:2H(3) (T)|0.030000000.0|3HA120811_1_T_7.1374.1374.2
1685|B5ME49|Uncharacterized protein OS=Homo sapiens GN=MUC16 PE=4 SV=2|37|1520295|18|1|14|1|52454|1|1|1|579.2714|1156.5282|2|1156.5366|-0.0084|0|29.36|0.28|R|STSQVASSATE|T|2 Acetyl:2H(3) (S)|0.00000022000.0|3HA122411_1_ex_T_2_Mix.1842.1842.2
1095|E9PBF6|Uncharacterized protein OS=Homo sapiens GN=LMNB1 PE=3 SV=1|99|44787|6|1|4|1|11398|1|1|1|405.2001|808.3856|2|808.3828|0.0028|2|28.5|0.29|E|ELMESR|M|Acetyl:2H(3) (S)|0.000020.0|3HA120811_1_T_4.772.772.2
1842|O95248|Myotubularin-related protein 5 OS=Homo sapiens GN=SBF1 PE=1 SV=3|31|210294|2|0|2|0|54542|1|1|1|585.7964|1169.5783|2|1169.5717|0.0066|3|30.96|0.3|E|DDFLMKVLE|G|Acetyl:2H(3) (K); Oxidation (M)|0.000041000.0|3HA120811_1_T_3.7318.7318.2
1909|Q9UMD9|Collagen alpha-1(XVII) chain OS=Homo sapiens GN=COL17A1 PE=1 SV=3|29|150726|1|0|1|0|136922|1|1|1|955.4359|1908.8573|2|1908.8577|-0.0004|2|28.87|0.3|K|GQKGSVGDPGMEGPMGQR|G|Acetyl:2H(3) (K); Acetyl:2H(3) (S); 2 Oxidation (M)|0.001020000040004000.0|3HA120811_1_T_2.2867.2867.2
1739|B5MDA0|Uncharacterized protein OS=Homo sapiens GN=WDR73 PE=4 SV=2|34|43023|3|2|2|1|38495|1|1|1|530.2471|1058.4797|2|1058.482|-0.0023|1|28.14|0.3|E|NRSPGPGSGGE|R|Acetyl:2H(3) (S)|0.00000002000.0|3HA122411_1_ex_T_5_Mix.2756.2756.2
957|P36969|Phospholipid hydroperoxide glutathione peroxidase, mitochondrial OS=Homo sapiens GN=GPX4 PE=1 SV=3|133|22674|10|5|6|4|73461|1|1|1|652.8076|1303.6007|2|1303.5971|0.0036|3|29.28|0.3|K|QEPGSNEEIKE|F|Acetyl:2H(3) (S)|0.00002000000.0|3HA122411_1_ex_T_3_Mix.2595.2595.2
1565|D6RGG3|Uncharacterized protein OS=Homo sapiens GN=COL12A1 PE=4 SV=1|42|334193|3|2|2|1|171248|1|1|1|494.6407|2468.1674|5|2468.1913|-0.024|3|31.58|0.3|R|TGTPGLPGPPGPMGPPGDRGFTGKD|G|2 Acetyl:2H(3) (T); Oxidation (M)|0.3030000000004000000000000.0|3HA120811_1_T_3.9058.9058.5
1856|Q8N6S4|Ankyrin repeat domain-containing protein 13C OS=Homo sapiens GN=ANKRD13C PE=2 SV=2|30|61179|1|0|1|0|41380|1|1|1|360.8688|1079.5847|3|1079.5803|0.0044|0|30.48|0.31|E|AAAALGGTFTR|S|Acetyl:2H(3) (T)|0.00000000030.0|3HA121211_3_T_1.8189.8189.3
779|P11233|Ras-related protein Ral-A OS=Homo sapiens GN=RALA PE=1 SV=1|207|23723|6|5|4|3|93028|1|0|0|738.376|1474.7374|2|1474.723|0.0144|3|32.13|0.31|E|EVQIDILDTAGQE|D|Acetyl:2H(3) (T)|0.0000000030000.0|3HA120811_1_T_8.7924.7924.2
280|F8WCF6|Uncharacterized protein OS=Homo sapiens GN=ARPC4 PE=4 SV=1|848|21159|32|25|9|8|9219|1|0|1|389.2149|776.4153|2|776.422|-0.0067|0|31.78|0.31|E|GSINSVR|V|Acetyl:2H(3) (S)|0.0000200.0|3HA121211_3_T_1.3040.3040.2
1890|Q86XA0|Methyltransferase-like protein 23 OS=Homo sapiens GN=METTL23 PE=2 SV=3|30|21797|1|0|1|0|29819|1|1|1|494.7756|987.5367|2|987.5428|-0.0062|1|29.56|0.31|D|IAESTLPGR|H|Acetyl:2H(3) (T)|0.000030000.0|3HA121211_3_T_7.3099.3099.2
1876|C9J1F9|Uncharacterized protein OS=Homo sapiens GN=CNTLN PE=4 SV=1|30|162661|2|0|2|0|59472|1|1|1|602.3196|1202.6246|2|1202.6222|0.0024|1|31.27|0.31|K|QLQELALQSE|Q|Acetyl:2H(3) (S)|0.0000000020.0|3HA121211_3_T_6.1197.1197.2
1874|A7KAX9|Rho GTPase-activating protein 32 OS=Homo sapiens GN=ARHGAP32 PE=1 SV=1|30|232096|4|0|3|0|13950|1|1|1|420.2339|838.4532|2|838.4489|0.0042|0|27.88|0.31|E|TLSAMAR|G|Acetyl:2H(3) (S); Acetyl:2H(3) (T)|0.3020000.0|3HA121211_3_T_7.644.644.2
1844|A8MTJ6|Forkhead box protein I3 OS=Homo sapiens GN=FOXI3 PE=2 SV=3|31|43584|1|0|1|0|90963|1|1|1|728.8527|1455.6908|2|1455.696|-0.0052|1|30.88|0.32|R|SEASNGSTVAAGTSK|S|2 Acetyl:2H(3) (S)|0.200200000000000.0|3HA120811_1_T_2.3860.3860.2
1557|B7ZA14|Uncharacterized protein OS=Homo sapiens GN=DLX2 PE=2 SV=1|43|23064|3|1|2|1|203621|1|1|1|1096.8259|3287.456|3|3287.441|0.0149|1|25.06|0.32|K|SSYDLGYTAAYTSYAPYGTSSSPANNEPE|K|3 Acetyl:2H(3) (S); 2 Acetyl:2H(3) (T)|0.00000003000000000032220000000.0|3HA122411_1_ex_T_8_Mix.7239.7239.3
1872|F5GXQ5|Uncharacterized protein OS=Homo sapiens GN=GLYATL3 PE=4 SV=1|30|18124|1|0|1|0|34003|1|1|1|512.7827|1023.5509|2|1023.5541|-0.0032|0|30.1|0.33|M|LVLNCSTK|L|Acetyl:2H(3) (K); Acetyl:2H(3) (T)|0.00000031.0|3HA122411_1_ex_T_5_Mix.5287.5287.2
235|P58876|Histone H2B type 1-D OS=Homo sapiens GN=HIST1H2BD PE=1 SV=2|1036|13928|34|27|8|6|8122|1|1|1|382.1907|762.3669|2|762.3661|0.0008|0|27.18|0.33|-|MPEPTK|S|Acetyl:2H(3) (T); Oxidation (M)|0.400030.0|3HA122411_1_ex_T_4_Mix.1275.1275.2
2044|G3XA97|FYVE, RhoGEF and PH domain containing 4, isoform CRA_c OS=Homo sapiens GN=FGD4 PE=4 SV=1|25|54930|2|0|2|0|78082|1|1|1|670.8117|1339.6089|2|1339.6191|-0.0102|2|28.85|0.33|D|NAMELVKNMTE|R|Acetyl:2H(3) (T); Oxidation (M)|0.00400000030.0|3HA121211_3_T_3.2799.2799.2
1818|B4DTJ5|Uncharacterized protein OS=Homo sapiens GN=GTF2H4 PE=2 SV=1|32|24672|1|0|1|0|200273|1|1|1|639.5456|3192.6916|5|3192.6952|-0.0036|1|31.62|0.33|E|VVLHFMVGSPSAAVSQDLAQLLSQAGLMK|S|Acetyl:2H(3) (K); 3 Acetyl:2H(3) (S); Oxidation (M)|0.00000000202000000000002000041.0|3HA121211_3_T_4.8367.8367.5
1924|Q13563|Polycystin-2 OS=Homo sapiens GN=PKD2 PE=1 SV=3|29|110363|1|0|1|0|42305|1|1|1|362.8426|1085.5059|3|1085.5068|-0.001|2|28.53|0.33|D|VYSVSSEDR|A|Acetyl:2H(3) (S)|0.000002000.0|3HA122411_1_ex_T_7_MIx.1852.1852.3
1950|E9PF36|Uncharacterized protein OS=Homo sapiens GN=VPS41 PE=4 SV=1|28|97003|5|1|4|1|22201|1|1|1|460.7834|919.5523|2|919.5609|-0.0086|1|28.35|0.34|E|ISQKNIK|R|Acetyl:2H(3) (K); Acetyl:2H(3) (S)|0.0201000.0|3HA120811_1_T_5.7884.7884.2
1953|O75325|Leucine-rich repeat neuronal protein 2 OS=Homo sapiens GN=LRRN2 PE=2 SV=2|28|79607|1|0|1|0|101976|1|1|1|775.4564|1548.8983|2|1548.8856|0.0127|0|27.6|0.34|R|VVSAPLVLPWNPGR|K|Acetyl:2H(3) (S)|0.00200000000000.0|3HA120811_1_T_2.6231.6231.2
1892|C9J7T9|Troponin C type 2 (Fast), isoform CRA_a OS=Homo sapiens GN=TNNC2 PE=4 SV=1|30|16429|1|0|1|0|26918|1|1|1|482.243|962.4713|2|962.4748|-0.0035|2|29.51|0.35|D|ADGGGDISVK|E|Acetyl:2H(3) (S)|0.0000000200.0|3HA122411_1_ex_T_7_MIx.926.926.2
1956|F8VY40|Uncharacterized protein OS=Homo sapiens GN=LARP4 PE=4 SV=1|28|21435|1|0|1|0|162205|1|1|1|763.0157|2286.0252|3|2286.0452|-0.02|3|27.59|0.35|E|DLSYQIYDVSESNSAVSTE|D|4 Acetyl:2H(3) (S)|0.0000000002020200200.0|3HA121211_3_T_8.9037.9037.3
1988|A6NCI4-4|Isoform 4 of von Willebrand factor A domain-containing protein 3A OS=Homo sapiens GN=VWA3A|27|33017|2|0|2|0|127841|1|1|1|602.9363|1805.7872|3|1805.7977|-0.0105|2|26.68|0.35|R|QSMDRGVMMTAASGSR|R|2 Acetyl:2H(3) (S); 2 Oxidation (M)|0.0040000400002020.0|3HA121211_3_T_6.4877.4877.3
1865|Q6ZN44-3|Isoform 3 of Netrin receptor UNC5A OS=Homo sapiens GN=UNC5A|30|90124|3|0|1|0|86704|1|1|1|473.272|1416.7941|3|1416.7903|0.0038|1|30.32|0.35|R|SLISSISQPKAIE|C|Acetyl:2H(3) (K)|0.0000000001000.0|3HA121211_3_T_3.3515.3515.3
1407|O95271|Tankyrase-1 OS=Homo sapiens GN=TNKS PE=1 SV=2|56|143718|11|3|3|1|57571|1|1|1|595.817|1189.6195|2|1189.6269|-0.0074|3|30.59|0.36|R|LLEASKAGDLE|T|Acetyl:2H(3) (K)|0.00000100000.0|3HA121211_3_T_1.5392.5392.2
1836|Q86X87|HCG39249, isoform CRA_d OS=Homo sapiens GN=UBOX5 PE=2 SV=1|31|54382|1|0|1|0|88237|1|1|1|239.4658|1430.7513|6|1430.7444|0.0068|1|31.04|0.36|E|SQQAPSSLQKLAE|I|Acetyl:2H(3) (S)|0.2000000000000.0|3HA120811_1_T_2.199.199.6
1494|Q92736|Ryanodine receptor 2 OS=Homo sapiens GN=RYR2 PE=1 SV=3|48|569338|10|4|5|1|30555|1|1|1|498.2702|994.5259|2|994.5196|0.0062|2|30.62|0.36|R|TALTEKCK|L|Acetyl:2H(3) (T)|0.30000000.0|3HA120811_1_T_6.3049.3049.2
1617|P55285|Cadherin-6 OS=Homo sapiens GN=CDH6 PE=1 SV=1|40|88539|4|3|2|1|5112|1|1|1|353.1815|704.3485|2|704.3532|-0.0047|1|27.65|0.36|R|TPTARD|N|Acetyl:2H(3) (T)|0.003000.0|3HA121211_3_T_4.4180.4180.2
1789|F5GXY4|Uncharacterized protein OS=Homo sapiens GN=SALL3 PE=4 SV=2|32|102980|1|0|1|0|160707|1|1|1|756.7189|2267.135|3|2267.1375|-0.0025|1|32.32|0.37|R|GPSQSTPSLISSAAPTMIKME|V|Acetyl:2H(3) (K); Acetyl:2H(3) (S); Acetyl:2H(3) (T)|0.000000020000000300100.0|3HA121211_3_T_5.9779.9779.3
1888|Q15526|Surfeit locus protein 1 OS=Homo sapiens GN=SURF1 PE=1 SV=1|30|33481|1|0|1|0|23585|1|1|1|467.2643|932.514|2|932.5198|-0.0058|2|29.57|0.37|K|KVNPETR|Q|Acetyl:2H(3) (K); Acetyl:2H(3) (T)|0.1000030.0|3HA122411_1_ex_T_6_Mix.2489.2489.2
792|B4DJV2|Citrate synthase OS=Homo sapiens GN=CS PE=2 SV=1|199|50628|11|6|10|5|36559|1|1|1|522.7381|1043.4616|2|1043.4706|-0.009|1|27.19|0.37|K|SMSTEGLMK|F|Acetyl:2H(3) (K); Oxidation (M)|0.040000001.0|3HA122411_1_ex_T_1_Mix.1603.1603.2
1904|Q5SSG8-3|Isoform 3 of Mucin-21 OS=Homo sapiens GN=MUC21|29|40365|2|0|2|0|197776|1|1|1|780.6129|3118.4223|4|3118.3927|0.0296|0|27.41|0.37|E|SSTTSSGASTATNSGSSTTSSGTSTATNSE|S|6 Acetyl:2H(3) (S); 3 Acetyl:2H(3) (T)|0.023322002300020200000000000000.0|3HA120811_1_T_4.5832.5832.4
1330|P22455|Fibroblast growth factor receptor 4 OS=Homo sapiens GN=FGFR4 PE=1 SV=2|64|88811|7|1|3|1|14993|1|1|1|424.752|847.4895|2|847.4843|0.0053|0|28.59|0.38|D|QASTVAVK|M|Acetyl:2H(3) (S)|0.00200000.0|3HA121211_3_T_7.2327.2327.2
1743|Q86U44|N6-adenosine-methyltransferase 70 kDa subunit OS=Homo sapiens GN=METTL3 PE=1 SV=2|34|65175|5|2|3|1|82192|1|1|1|688.8425|1375.6704|2|1375.6667|0.0037|1|30.37|0.39|D|HSKLSAMMGAVAE|K|Acetyl:2H(3) (S)|0.0200000000000.0|3HA122411_1_ex_T_4_Mix.3702.3702.2
1782|E9PHC7|Uncharacterized protein OS=Homo sapiens GN=SYVN1 PE=4 SV=2|33|70270|2|0|1|0|51719|1|1|1|576.8128|1151.6111|2|1151.6048|0.0063|2|30.16|0.4|K|KAVTDAIMSR|R|Acetyl:2H(3) (S); Oxidation (M)|0.0000000420.0|3HA122411_1_ex_T_7_MIx.3059.3059.2
31|B4DTY9|Integrin beta OS=Homo sapiens GN=C17orf57 PE=2 SV=1|7460|86611|349|252|34|27|162708|1|0|0|574.5434|2294.1445|4|2294.1529|-0.0085|3|31.83|0.4|D|LSYSMKDDLWSIQNLGTK|L|Acetyl:2H(3) (K); 2 Acetyl:2H(3) (S); Acetyl:2H(3) (T); Oxidation (M)|0.020241000000000030.0|3HA120811_1_T_7.4977.4977.4
1424|Q6NSI8-2|Isoform 2 of Uncharacterized protein KIAA1841 OS=Homo sapiens GN=KIAA1841|54|82417|9|3|4|2|45783|1|1|1|556.3223|1110.63|2|1110.6343|-0.0043|2|28.15|0.41|D|GTVSKSNRK|S|Acetyl:2H(3) (K); Acetyl:2H(3) (S); Acetyl:2H(3) (T)|0.030012000.0|3HA120811_1_T_2.7044.7044.2
842|P08246|Neutrophil elastase OS=Homo sapiens GN=ELANE PE=1 SV=1|175|29127|10|4|7|4|73972|1|1|1|653.8687|1305.7228|2|1305.7154|0.0073|0|29.89|0.41|E|LNVTVVTSLCR|R|Acetyl:2H(3) (T)|0.00030000000.0|3HA122411_1_ex_T_3_Mix.8443.8443.2
1720|A8MXW0|Uncharacterized protein OS=Homo sapiens GN=ARHGDIA PE=2 SV=2|35|20371|5|1|2|1|103931|1|1|1|784.3733|1566.732|2|1566.7427|-0.0107|2|29.33|0.41|K|TDYMVGSYSIKSR|F|Acetyl:2H(3) (T); Oxidation (M)|0.3004000000000.0|3HA120811_1_T_1.7346.7346.2
824|O94886|Transmembrane protein 63A OS=Homo sapiens GN=TMEM63A PE=1 SV=3|183|93549|8|5|4|2|132837|1|1|1|931.002|1859.9894|2|1860.0072|-0.0178|3|31.73|0.42|K|KTEKSLTYYTNLQVK|T|Acetyl:2H(3) (T)|0.000000000300000.0|3HA120811_1_T_4.8435.8435.2
1685|B5ME49|Uncharacterized protein OS=Homo sapiens GN=MUC16 PE=4 SV=2|37|1520295|18|1|14|1|143009|1|1|1|498.7593|1991.0081|4|1991.0276|-0.0194|3|31.85|0.42|K|LTTGATETSRTEVASSR|R|Acetyl:2H(3) (S); 4 Acetyl:2H(3) (T)|0.03000303203000000.0|3HA122411_1_ex_T_5_Mix.4587.4587.4
1912|F5GYG1|Uncharacterized protein OS=Homo sapiens GN=STRA6 PE=4 SV=1|29|62069|2|0|2|0|187465|1|1|1|940.4441|2818.3104|3|2818.2954|0.0151|3|28.86|0.42|-|MAAGTSMSPDEDALPFLTLASAPSQD|G|3 Acetyl:2H(3) (S); Acetyl:2H(3) (T); Oxidation (M)|0.00000242000000000300200000.0|3HA121211_3_T_7.9154.9154.3
1246|Q9Y266|Nuclear migration protein nudC OS=Homo sapiens GN=NUDC PE=1 SV=1|76|38276|4|2|2|1|18692|1|1|1|444.2218|886.4291|2|886.4298|-0.0007|2|26.19|0.42|E|MDFSKAK|F|Acetyl:2H(3) (K); Oxidation (M)|0.4000001.0|3HA122411_1_ex_T_8_Mix.3982.3982.2
2007|Q6NT04|Tigger transposable element-derived protein 7 OS=Homo sapiens GN=TIGD7 PE=2 SV=1|26|63767|5|0|3|0|53944|1|1|1|584.2636|1166.5125|2|1166.5065|0.006|1|26.09|0.42|K|SMPENSQASR|K|Acetyl:2H(3) (S); Oxidation (M)|0.0400020000.0|3HA120811_1_T_7.279.279.2
1839|Q96T58|Msx2-interacting protein OS=Homo sapiens GN=SPEN PE=1 SV=1|31|403030|12|0|6|0|21117|1|1|1|455.7555|909.4964|2|909.4926|0.0038|1|29.32|0.42|D|TVKSSALD|Q|Acetyl:2H(3) (S); Acetyl:2H(3) (T)|0.30002000.0|3HA120811_1_T_5.4210.4210.2
1642|Q7Z591-7|Isoform 7 of AT-hook-containing transcription factor OS=Homo sapiens GN=AKNA|39|142330|4|0|3|0|159164|1|1|1|747.0497|2238.1274|3|2238.1216|0.0058|3|31.91|0.43|E|EATEKMVSMKPPGFQASLAR|D|Acetyl:2H(3) (S); Oxidation (M)|0.00000400000000002000.0|3HA120811_1_T_3.5893.5893.3
1700|Q9UIG0|Tyrosine-protein kinase BAZ1B OS=Homo sapiens GN=BAZ1B PE=1 SV=2|36|172392|6|0|3|0|23829|1|1|1|468.7804|935.5462|2|935.5553|-0.009|3|27.77|0.43|K|EKMLKVK|I|Acetyl:2H(3) (K); Oxidation (M)|0.0140000.0|3HA121211_3_T_6.7564.7564.2
1863|Q9NU22|Midasin OS=Homo sapiens GN=MDN1 PE=1 SV=2|30|638008|19|0|4|0|2365|1|0|1|318.1733|634.3321|2|634.3365|-0.0044|1|30.45|0.43|K|QSVEK|T|Acetyl:2H(3) (S)|0.02000.0|3HA120811_1_T_2.1795.1795.2
1906|F5GWL4|Uncharacterized protein OS=Homo sapiens GN=RHBDF1 PE=4 SV=1|29|64473|1|0|1|0|13569|1|1|1|417.7386|833.4626|2|833.4686|-0.006|1|29.04|0.43|E|TVDSVLR|N|Acetyl:2H(3) (T)|0.3000000.0|3HA121211_3_T_6.1206.1206.2
1576|Q9HC10|Otoferlin OS=Homo sapiens GN=OTOF PE=1 SV=3|41|228207|4|2|2|1|33791|1|1|1|512.2579|1022.5012|2|1022.5|0.0012|1|28.84|0.43|R|VFTGPSEIE|D|Acetyl:2H(3) (S)|0.000002000.0|3HA121211_3_T_2.930.930.2
131|E7EU23|Uncharacterized protein OS=Homo sapiens GN=GDI2 PE=4 SV=1|1768|51604|77|47|25|20|158971|1|1|1|746.3762|2236.1067|3|2236.1172|-0.0106|3|31.32|0.44|K|ECILSGIMSVNGKKVLHMD|R|2 Acetyl:2H(3) (K); Oxidation (M)|0.0000000400001100000.0|3HA120811_1_T_1.5831.5831.3
1838|B4DYJ6|Uncharacterized protein OS=Homo sapiens GN=TRIP12 PE=2 SV=1|31|36598|2|0|1|0|195713|1|1|1|1021.5369|3061.5888|3|3061.5632|0.0256|2|30.99|0.44|D|SSSAASTSSSSSAVASASSTVPPGARVKQGK|D|4 Acetyl:2H(3) (S); Acetyl:2H(3) (T)|0.0220023200000000000000000000000.0|3HA121211_3_T_4.8165.8165.3
1828|E7ETI5|Uncharacterized protein OS=Homo sapiens GN=GPR98 PE=4 SV=1|31|694733|10|0|5|0|39508|1|1|1|534.7849|1067.5553|2|1067.5518|0.0034|0|28.13|0.45|D|FSTGQPSVR|R|2 Acetyl:2H(3) (S)|0.020000200.0|3HA120811_1_T_2.1545.1545.2
1229|Q2TB90|Putative hexokinase HKDC1 OS=Homo sapiens GN=HKDC1 PE=2 SV=3|78|103790|11|5|8|3|43350|1|1|1|547.7908|1093.567|2|1093.5629|0.0041|0|29.52|0.45|K|GAAMVTAVASR|V|Acetyl:2H(3) (T); Oxidation (M)|0.00040300000.0|3HA121211_3_T_4.495.495.2
1935|Q9HCM1|Uncharacterized protein C12orf35 OS=Homo sapiens GN=C12orf35 PE=1 SV=3|28|196561|2|0|2|0|30346|1|1|1|497.2462|992.4779|2|992.4854|-0.0075|2|28.17|0.45|E|KQLDNTTE|N|Acetyl:2H(3) (T)|0.00000030.0|3HA122411_1_ex_T_4_Mix.2616.2616.2
52|P11142|Heat shock cognate 71 kDa protein OS=Homo sapiens GN=HSPA8 PE=1 SV=1|4109|71082|138|103|29|23|163423|1|1|1|1153.0847|2304.1549|2|2304.1676|-0.0128|3|31.75|0.45|K|SINPDEAVAYGAAVQAAILSGDK|S|Acetyl:2H(3) (S)|0.00000000000000000002000.0|3HA122411_1_ex_T_5_Mix.7857.7857.2
1634|Q5W0Q7|Ubiquitin-specific peptidase-like protein 1 OS=Homo sapiens GN=USPL1 PE=2 SV=1|39|122132|16|1|4|1|13670|1|1|1|418.7124|835.4102|2|835.4115|-0.0013|2|27.06|0.45|R|TADSLER|N|Acetyl:2H(3) (S)|0.0002000.0|3HA120811_1_T_6.599.599.2
1855|Q96KG7|Multiple epidermal growth factor-like domains protein 10 OS=Homo sapiens GN=MEGF10 PE=1 SV=1|30|130560|3|0|1|0|93021|1|1|1|738.3741|1474.7336|2|1474.7318|0.0019|2|30.4|0.46|E|LGAFGLDRSYMGK|S|Acetyl:2H(3) (S); Oxidation (M)|0.0000000020400.0|3HA121211_3_T_7.8244.8244.2
1324|Q9H2K8|Serine/threonine-protein kinase TAO3 OS=Homo sapiens GN=TAOK3 PE=1 SV=2|64|105796|6|1|3|1|116415|1|1|1|843.478|1684.9414|2|1684.9453|-0.0039|3|28.87|0.46|D|TCKVQTKQYKALK|N|2 Acetyl:2H(3) (K)|0.0000001001000.0|3HA120811_1_T_3.8238.8238.2
1074|Q5XLE7|Inositol polyphosphate 4-phosphatase type II-stubby transcript variant c OS=Homo sapiens GN=INPP4B PE=2 SV=1|103|14844|2|1|2|1|18412|1|1|1|442.2464|882.4782|2|882.4757|0.0025|0|25.98|0.46|D|TIANSSR|I|2 Acetyl:2H(3) (S); Acetyl:2H(3) (T)|0.3000220.0|3HA122411_1_ex_T_8_Mix.2328.2328.2
1643|E9PGT0|Uncharacterized protein OS=Homo sapiens GN=RANBP2 PE=4 SV=1|39|254174|5|0|3|0|96002|1|1|0|500.9437|1499.8093|3|1499.7957|0.0136|0|29.82|0.47|R|LSQSGHMLLNLSR|G|Acetyl:2H(3) (S)|0.0000000000020.0|3HA121211_3_T_6.5059.5059.3
1741|B7Z8M6|Uncharacterized protein OS=Homo sapiens GN=BHLHE41 PE=2 SV=1|34|42116|3|0|3|0|9245|1|1|1|259.8212|776.4418|3|776.4471|-0.0053|2|28.53|0.47|K|QSEKLK|Y|Acetyl:2H(3) (S)|0.020000.0|3HA121211_3_T_8.367.367.3
1947|C9JDD6|Microtubule-associated protein OS=Homo sapiens PE=4 SV=1|28|81147|1|0|1|0|69380|1|1|1|637.8027|1273.5909|2|1273.5978|-0.0069|2|27.71|0.48|R|EATRQPSGTGPE|D|Acetyl:2H(3) (T)|0.000000003000.0|3HA122411_1_ex_T_1_Mix.1491.1491.2
985|P17174|Aspartate aminotransferase, cytoplasmic OS=Homo sapiens GN=GOT1 PE=1 SV=3|124|46447|6|2|4|2|111393|1|1|1|546.9484|1637.8234|3|1637.8307|-0.0072|2|30.99|0.48|R|IVASTLSNPELFEE|W|Acetyl:2H(3) (S); Acetyl:2H(3) (T)|0.00023000000000.0|3HA122411_1_ex_T_8_Mix.4312.4312.3
1788|Q5QGS0|Uncharacterized protein KIAA2022 OS=Homo sapiens GN=KIAA2022 PE=2 SV=1|32|169156|5|0|4|0|3325|1|1|1|333.1928|664.371|2|664.3769|-0.0059|2|26.15|0.48|E|KCKGK|H|Acetyl:2H(3) (K)|0.00100.0|3HA122411_1_ex_T_6_Mix.835.835.2
1685|B5ME49|Uncharacterized protein OS=Homo sapiens GN=MUC16 PE=4 SV=2|37|1520295|18|1|14|1|216194|1|1|1|1217.5931|4866.3435|4|4866.3067|0.0367|3|26.13|0.48|D|SSSSSDLINTSIASSTMDVTKTASISPTSISGMTASSSPSLFSSD|R|Acetyl:2H(3) (K); 5 Acetyl:2H(3) (S); 3 Acetyl:2H(3) (T); 2 Oxidation (M)|0.000000000000000040031300000320204002220000000.0|3HA122411_1_ex_T_2_Mix.9316.9316.4
1802|Q9NVR5|Protein kintoun OS=Homo sapiens GN=DNAAF2 PE=1 SV=2|32|91914|2|1|2|1|73692|1|1|1|653.3423|1304.67|2|1304.6804|-0.0104|0|29.81|0.49|K|QSMSLTPPLIE|V|2 Acetyl:2H(3) (S)|0.02020000000.0|3HA122411_1_ex_T_7_MIx.3911.3911.2
2042|Q9Y6Z7|Collectin-10 OS=Homo sapiens GN=COLEC10 PE=2 SV=2|25|31084|1|0|1|0|112829|1|1|1|551.9969|1652.9688|3|1652.9554|0.0134|2|25.03|0.49|K|TSMKFVKNVIAGIR|E|Acetyl:2H(3) (K); Acetyl:2H(3) (S)|0.02010000000000.0|3HA121211_3_T_6.4514.4514.3
1614|Q5T9C9|Phosphatidylinositol-4-phosphate 5-kinase-like protein 1 OS=Homo sapiens GN=PIP5KL1 PE=2 SV=2|40|44772|2|1|2|1|211698|1|1|1|808.1847|4035.8871|5|4035.8508|0.0362|2|25.56|0.5|E|ISPGHELHGMTCMMQAGLWAATQVSMDHPPTGPPSR|D|Acetyl:2H(3) (S); 2 Acetyl:2H(3) (T); Oxidation (M)|0.000000000030040000000000200000300000.0|3HA121211_3_T_7.8829.8829.5
1937|E7EW05|Uncharacterized protein OS=Homo sapiens GN=SDAD1 PE=4 SV=1|28|75735|1|0|1|0|72310|1|1|1|432.5445|1294.6117|3|1294.6088|0.0029|3|28.16|0.5|K|KLNSMPMEER|K|Acetyl:2H(3) (K); Oxidation (M)|0.1000400000.0|3HA120811_1_T_2.2128.2128.3
1249|G3V419|Uncharacterized protein OS=Homo sapiens GN=MLH3 PE=4 SV=1|76|145735|10|1|2|1|69224|1|1|1|637.2995|1272.5844|2|1272.5966|-0.0121|3|26.98|0.5|E|SKARACSETE|E|Acetyl:2H(3) (K); 2 Acetyl:2H(3) (S)|0.2100002000.0|3HA120811_1_T_3.865.865.2
1337|E7EPJ5|Uncharacterized protein OS=Homo sapiens GN=DNAH11 PE=4 SV=1|63|524886|9|3|7|1|78695|1|1|1|673.3613|1344.7081|2|1344.6978|0.0103|1|29.49|0.5|R|TLNRTYVNMK|Q|Acetyl:2H(3) (K); Acetyl:2H(3) (T); Oxidation (M)|0.3000000041.0|3HA122411_1_ex_T_6_Mix.4489.4489.2
62|E9PE77|Uncharacterized protein OS=Homo sapiens GN=FN1 PE=4 SV=1|3575|259933|143|101|53|38|28680|1|1|1|490.2579|978.5013|2|978.4996|0.0017|0|28.47|0.51|R|ISCTIANR|C|Acetyl:2H(3) (T)|0.00030000.0|3HA122411_1_ex_T_4_Mix.4106.4106.2
913|E7EVW7|Uncharacterized protein OS=Homo sapiens GN=HCLS1 PE=4 SV=1|148|49788|8|6|7|5|124158|1|1|1|885.9553|1769.8961|2|1769.9028|-0.0067|3|30.83|0.51|E|MEAPTTAYKKTTPIE|A|2 Acetyl:2H(3) (T)|0.000000000033000.0|3HA120811_1_T_6.6635.6635.2
356|Q10567|AP-1 complex subunit beta-1 OS=Homo sapiens GN=AP1B1 PE=1 SV=2|642|105482|26|18|14|8|16347|1|0|0|432.2183|862.4221|2|862.4224|-0.0003|2|27.18|0.51|K|VEQSAER|C|Acetyl:2H(3) (S)|0.0002000.0|3HA121211_3_T_7.345.345.2
1843|D6RAR4|Uncharacterized protein OS=Homo sapiens GN=HGFAC PE=3 SV=1|31|73660|1|0|1|0|191337|1|1|1|737.8801|2947.4912|4|2947.4873|0.0039|2|30.89|0.52|E|AEGPQSGGLPPPPRAVPSSSSPQAQALTE|D|2 Acetyl:2H(3) (S); Acetyl:2H(3) (T)|0.00000200000000000000200000030.0|3HA122411_1_ex_T_3_Mix.6115.6115.4
1715|Q9BX66-12|Isoform 12 of Sorbin and SH3 domain-containing protein 1 OS=Homo sapiens GN=SORBS1|36|144451|3|1|3|1|135616|1|1|0|947.4569|1892.8993|2|1892.9169|-0.0176|2|29.53|0.52|D|GGSKAVMNGLAPGSNGQDK|D|Acetyl:2H(3) (K); Acetyl:2H(3) (S); Oxidation (M)|0.0021004000000000000.0|3HA122411_1_ex_T_4_Mix.6392.6392.2
1828|E7ETI5|Uncharacterized protein OS=Homo sapiens GN=GPR98 PE=4 SV=1|31|694733|10|0|5|0|215669|1|1|1|962.2769|4806.3482|5|4806.3917|-0.0435|3|26.44|0.52|R|GTYGALSVAWTTGYAPGLEIPEFIVVGNMTPTLGSLSFSHGEQR|K|Acetyl:2H(3) (S); 3 Acetyl:2H(3) (T); Oxidation (M)|0.00000000000300000000000000004303000000200000.0|3HA121211_3_T_3.9924.9924.5
1979|Q49MG5-2|Isoform 2 of Microtubule-associated protein 9 OS=Homo sapiens GN=MAP9|27|41727|2|0|2|0|92036|1|1|1|733.3845|1464.7544|2|1464.7472|0.0072|2|29.95|0.52|K|KSTNNRASSASAAR|S|Acetyl:2H(3) (S)|0.02000000000000.0|3HA122411_1_ex_T_2_Mix.3972.3972.2
2006|Q5VST9-3|Isoform 3 of Obscurin OS=Homo sapiens GN=OBSCN|26|731245|6|0|4|0|53009|1|1|1|580.7715|1159.5284|2|1159.5297|-0.0013|2|26.09|0.52|E|SQDTHSLGDR|D|Acetyl:2H(3) (T)|0.0003000000.0|3HA120811_1_T_5.1819.1819.2
146|P11277-2|Isoform 2 of Spectrin beta chain, erythrocyte OS=Homo sapiens GN=SPTB|1627|268630|67|45|42|24|14977|1|1|1|424.7346|847.4546|2|847.4591|-0.0044|2|28.94|0.53|K|LKDSNAR|H|Acetyl:2H(3) (S)|0.0002000.0|3HA121211_3_T_3.1875.1875.2
1900|P11137|Microtubule-associated protein 2 OS=Homo sapiens GN=MAP2 PE=1 SV=4|29|199860|1|0|1|0|82477|1|1|1|689.8402|1377.6659|2|1377.6703|-0.0044|3|29.25|0.54|K|KETSPESSLIQD|E|Acetyl:2H(3) (S)|0.000000020000.0|3HA122411_1_ex_T_4_Mix.4247.4247.2
2044|G3XA97|FYVE, RhoGEF and PH domain containing 4, isoform CRA_c OS=Homo sapiens GN=FGD4 PE=4 SV=1|25|54930|2|0|2|0|80583|1|1|1|681.305|1360.5954|2|1360.5822|0.0132|3|25.01|0.55|K|DNDIHSEVSTAE|L|Acetyl:2H(3) (S)|0.000002000000.0|3HA122411_1_ex_T_1_Mix.6250.6250.2
1999|P22614|Putative serum amyloid A-3 protein OS=Homo sapiens GN=SAA3P PE=5 SV=1|26|13489|3|0|1|0|21935|1|1|1|459.7269|917.4392|2|917.4322|0.007|0|26.47|0.55|R|GPGGVWATE|V|Acetyl:2H(3) (T)|0.000000030.0|3HA122411_1_ex_T_3_Mix.677.677.2
843|Q04695|Keratin, type I cytoskeletal 17 OS=Homo sapiens GN=KRT17 PE=1 SV=2|175|48361|24|9|6|4|63557|1|1|1|616.3413|1230.6681|2|1230.6647|0.0033|2|27.96|0.55|R|LSVEADINGLR|R|Acetyl:2H(3) (S)|0.02000000000.0|3HA120811_1_T_8.7920.7920.2
1544|Q9UMX0|Ubiquilin-1 OS=Homo sapiens GN=UBQLN1 PE=1 SV=2|44|62479|2|1|2|1|14676|1|1|1|423.2262|844.4379|2|844.437|0.001|0|25.55|0.56|R|QLLSNPE|M|Acetyl:2H(3) (S)|0.0002000.0|3HA122411_1_ex_T_6_Mix.1220.1220.2
1911|Q3L8U1|Chromodomain-helicase-DNA-binding protein 9 OS=Homo sapiens GN=CHD9 PE=1 SV=2|29|327986|5|0|3|0|61227|1|1|1|406.2175|1215.6307|3|1215.6399|-0.0092|1|28.86|0.56|E|QLQASRPDTR|R|Acetyl:2H(3) (S)|0.0000200000.0|3HA121211_3_T_2.861.861.3
1624|O15498|Synaptobrevin homolog YKT6 OS=Homo sapiens GN=YKT6 PE=1 SV=1|39|22574|3|1|3|1|39157|1|1|1|533.3092|1064.6039|2|1064.6017|0.0021|2|27.46|0.56|R|SSKGTRASVK|E|Acetyl:2H(3) (T)|0.0000300000.0|3HA122411_1_ex_T_7_MIx.7150.7150.2
1901|Q9UG22|GTPase IMAP family member 2 OS=Homo sapiens GN=GIMAP2 PE=1 SV=2|29|38962|1|0|1|0|91519|1|1|1|487.5974|1459.7703|3|1459.7764|-0.0061|0|29.24|0.57|D|AMGHTIVLFTHK|E|Acetyl:2H(3) (K); Acetyl:2H(3) (T); Oxidation (M)|0.040000000301.0|3HA120811_1_T_2.4294.4294.3
1914|Q07954|Prolow-density lipoprotein receptor-related protein 1 OS=Homo sapiens GN=LRP1 PE=1 SV=2|29|523150|5|0|4|0|63789|1|1|1|411.8864|1232.6374|3|1232.6268|0.0107|3|28.77|0.57|R|HSLASTDEKR|E|2 Acetyl:2H(3) (S)|0.0200200000.0|3HA121211_3_T_6.2551.2551.3
1674|B3KTY4|SLIT and NTRK-like family, member 2, isoform CRA_b (Fragment) OS=Homo sapiens GN=SLITRK2 PE=2 SV=1|37|82528|4|1|2|1|32355|1|1|1|505.7536|1009.4927|2|1009.4868|0.006|2|28.64|0.57|R|KSASDSSQR|G|Acetyl:2H(3) (S)|0.020000000.0|3HA121211_3_T_6.2544.2544.2
902|Q8TEA8|D-tyrosyl-tRNA(Tyr) deacylase 1 OS=Homo sapiens GN=DTD1 PE=1 SV=2|153|23580|5|2|4|2|33618|1|1|1|511.2558|1020.4971|2|1020.4915|0.0056|3|27.32|0.58|K|GPSESSKER|N|Acetyl:2H(3) (K)|0.000000100.0|3HA120811_1_T_7.1002.1002.2
1961|C9JXH6|Uncharacterized protein OS=Homo sapiens GN=DNAH1 PE=4 SV=1|27|491158|5|0|5|0|213275|1|1|1|1053.0187|4208.0456|4|4208.0804|-0.0347|3|27.34|0.58|R|HGLMLVGPTGSGKSTCYRVLAAAMTSLKGQPSISGGMYE|A|2 Acetyl:2H(3) (K); 2 Acetyl:2H(3) (S); Oxidation (M)|0.000400000020120000000000000100000000000.0|3HA122411_1_ex_T_2_Mix.9308.9308.4
270|E7EUR0|Uncharacterized protein OS=Homo sapiens GN=DCTN1 PE=4 SV=1|886|139555|30|24|21|15|51356|1|1|1|384.2119|1149.614|3|1149.6255|-0.0115|1|29.24|0.58|E|NSILKGAQMK|A|Acetyl:2H(3) (K); Oxidation (M)|0.0000000041.0|3HA120811_1_T_8.1971.1971.3
1952|Q12965|Myosin-Ie OS=Homo sapiens GN=MYO1E PE=1 SV=2|28|127552|4|0|3|0|78359|1|1|1|448.2164|1341.6273|3|1341.6142|0.0131|3|27.16|0.58|R|QMDSKWGGKSE|S|2 Acetyl:2H(3) (K)|0.00001000100.0|3HA122411_1_ex_T_8_Mix.3760.3760.3
1648|B4DJP7|Uncharacterized protein OS=Homo sapiens GN=SNRPD3 PE=2 SV=1|38|13454|3|0|2|0|29248|1|1|1|492.7412|983.4679|2|983.4751|-0.0073|1|26.71|0.58|E|TNTGEVYR|G|Acetyl:2H(3) (T)|0.30000000.0|3HA122411_1_ex_T_2_Mix.1793.1793.2
1963|Q5THJ4|Vacuolar protein sorting-associated protein 13D OS=Homo sapiens GN=VPS13D PE=1 SV=1|27|495298|4|1|3|1|208834|1|1|1|900.6967|3598.7575|4|3598.7417|0.0159|3|28.43|0.59|R|KIATASIGGTKVNVSMGSTFDMNGSLGCLQLMD|L|Acetyl:2H(3) (K); Acetyl:2H(3) (S); 2 Acetyl:2H(3) (T); Oxidation (M)|0.100300000300000000000400200000000.0|3HA122411_1_ex_T_6_Mix.9009.9009.4
841|B5MBZ8|Uncharacterized protein OS=Homo sapiens GN=PPP1R7 PE=4 SV=1|175|31452|3|2|2|1|15088|1|1|1|425.2389|848.4632|2|848.4682|-0.005|1|27.72|0.59|D|LSEQSLK|D|Acetyl:2H(3) (S)|0.0000200.0|3HA120811_1_T_8.2999.2999.2
687|P08779|Keratin, type I cytoskeletal 16 OS=Homo sapiens GN=KRT16 PE=1 SV=4|275|51578|35|17|7|5|208714|1|0|0|1197.584|3589.7301|3|3589.7028|0.0273|2|27.94|0.59|R|QFTSSSSMKGSCGIGGGIGGGSSRISSVLAGGSCR|A|4 Acetyl:2H(3) (S); Acetyl:2H(3) (T); Oxidation (M)|0.00302224002000000000000000000000000.0|3HA122411_1_ex_T_8_Mix.4628.4628.3
1912|F5GYG1|Uncharacterized protein OS=Homo sapiens GN=STRA6 PE=4 SV=1|29|62069|2|0|2|0|142057|1|1|1|989.4852|1976.9559|2|1976.9518|0.0041|3|29.68|0.59|R|TGAGSKGLQSSYSEEYLR|N|Acetyl:2H(3) (S)|0.000020000000000000.0|3HA122411_1_ex_T_4_Mix.6958.6958.2
1685|B5ME49|Uncharacterized protein OS=Homo sapiens GN=MUC16 PE=4 SV=2|37|1520295|18|1|14|1|216678|1|1|1|1055.3257|5271.592|5|5271.6244|-0.0323|2|25.85|0.59|E|TTASSATHPGTQTGFTVPIRTVPSSEPDTMASWVTHPPQTSTPVSR|T|3 Acetyl:2H(3) (S); 7 Acetyl:2H(3) (T); Oxidation (M)|0.3302003000300000000000000000040000300003230020.0|3HA121211_3_T_2.8886.8886.5
1521|Q8TCE1|SERPINC1 protein OS=Homo sapiens GN=SERPINC1 PE=2 SV=1|45|29473|2|1|2|1|12285|1|1|1|274.1639|819.47|3|819.4642|0.0058|1|26.28|0.6|E|LSKANSR|F|Acetyl:2H(3) (S)|0.0200000.0|3HA121211_3_T_8.101.101.3
12|P68133|Actin, alpha skeletal muscle OS=Homo sapiens GN=ACTA1 PE=1 SV=1|11475|42366|554|414|19|16|158955|1|1|1|746.3541|2236.0405|3|2236.0411|-0.0005|1|27.76|0.6|D|LYANNVMSGGTTMYPGIADR|M|2 Acetyl:2H(3) (T); Oxidation (M)|0.00000040003300000000.0|3HA121211_3_T_5.6526.6526.3
71|Q14315|Filamin-C OS=Homo sapiens GN=FLNC PE=1 SV=3|2882|293407|191|131|17|12|55723|1|1|1|589.3259|1176.6372|2|1176.6455|-0.0083|1|28.39|0.6|E|TVTKSSSSR|G|Acetyl:2H(3) (K); 4 Acetyl:2H(3) (S)|0.000122220.0|3HA121211_3_T_1.5437.5437.2
890|B9EGG0|ANO6 protein OS=Homo sapiens GN=ANO6 PE=2 SV=1|157|109446|10|5|6|3|16003|1|1|1|430.2359|858.4572|2|858.4639|-0.0067|1|25.66|0.61|D|IGDVPASR|R|Acetyl:2H(3) (S)|0.00000020.0|3HA122411_1_ex_T_3_Mix.866.866.2
1777|F5GX82|Uncharacterized protein OS=Homo sapiens GN=FRYL PE=4 SV=1|33|342173|7|1|4|1|18397|1|1|1|442.2435|882.4725|2|882.4639|0.0086|1|26.96|0.61|D|TLAETMK|H|2 Acetyl:2H(3) (T)|0.3000300.0|3HA121211_3_T_1.2476.2476.2
2017|Q05BV3|Echinoderm microtubule-associated protein-like 5 OS=Homo sapiens GN=EML5 PE=2 SV=3|26|222366|1|0|1|0|142313|1|1|1|495.9815|1979.8968|4|1979.8836|0.0132|1|25.95|0.61|D|VNCACVSHSGISLVTGDD|F|2 Acetyl:2H(3) (S)|0.000000200002000000.0|3HA120811_1_T_2.6689.6689.4
660|Q58FF3|Putative endoplasmin-like protein OS=Homo sapiens GN=HSP90B2P PE=5 SV=1|291|46343|14|6|5|1|171796|1|1|1|826.0966|2475.2678|3|2475.2526|0.0153|2|30.14|0.62|R|IMKAQAYQTGKGISTNYHASR|K|2 Acetyl:2H(3) (K); Acetyl:2H(3) (S); Oxidation (M)|0.041000000010020000000.0|3HA121211_3_T_1.5383.5383.3
1940|Q08AD1|Calmodulin-regulated spectrin-associated protein 2 OS=Homo sapiens GN=CAMSAP2 PE=1 SV=3|28|169181|1|0|1|0|56955|1|1|1|593.8088|1185.6031|2|1185.6069|-0.0037|2|28.03|0.63|E|LNIDSHSDLK|S|Acetyl:2H(3) (S)|0.0000002000.0|3HA121211_3_T_5.1809.1809.2
1287|P50452|Serpin B8 OS=Homo sapiens GN=SERPINB8 PE=1 SV=2|70|43309|7|2|5|2|17506|1|1|1|437.759|873.5035|2|873.5111|-0.0076|0|25.81|0.64|E|AAAATAVVR|N|Acetyl:2H(3) (T)|0.000030000.0|3HA122411_1_ex_T_3_Mix.4981.4981.2
1840|Q6IPM2|IQ domain-containing protein E OS=Homo sapiens GN=IQCE PE=1 SV=2|31|77649|6|1|3|1|22341|1|1|1|461.7483|921.482|2|921.4846|-0.0027|3|26.67|0.64|D|SDVETKAK|R|Acetyl:2H(3) (S)|0.20000000.0|3HA122411_1_ex_T_3_Mix.2172.2172.2
1889|P52701|DNA mismatch repair protein Msh6 OS=Homo sapiens GN=MSH6 PE=1 SV=2|30|154514|3|0|3|0|22258|1|1|1|461.2539|920.4933|2|920.4941|-0.0008|1|26.45|0.65|E|KMNQSLR|L|Acetyl:2H(3) (S)|0.0000200.0|3HA120811_1_T_8.1181.1181.2
1887|Q8IZ40|REST corepressor 2 OS=Homo sapiens GN=RCOR2 PE=2 SV=2|30|58147|1|0|1|0|127956|1|1|1|904.4617|1806.9088|2|1806.9047|0.0041|1|29.61|0.65|-|MPSVMEKPSAGSGILSR|S|Acetyl:2H(3) (K); Oxidation (M)|0.40000010000000000.0|3HA122411_1_ex_T_3_Mix.8378.8378.2
1875|Q02224|Centromere-associated protein E OS=Homo sapiens GN=CENPE PE=1 SV=2|30|317588|11|0|8|0|39477|1|1|1|534.7724|1067.5302|2|1067.5267|0.0035|2|27.24|0.65|E|SAMHKESK|I|Acetyl:2H(3) (K); 2 Acetyl:2H(3) (S); Oxidation (M)|0.20401020.0|3HA121211_3_T_4.9100.9100.2
2019|Q14686|Nuclear receptor coactivator 6 OS=Homo sapiens GN=NCOA6 PE=1 SV=3|26|219350|1|0|1|0|81506|1|1|1|685.3179|1368.6212|2|1368.6205|0.0007|0|25.88|0.66|E|QIMTNQMQGNK|Q|Acetyl:2H(3) (T); 2 Oxidation (M)|0.00430040000.0|3HA120811_1_T_3.6201.6201.2
1578|P20648|Potassium-transporting ATPase alpha chain 1 OS=Homo sapiens GN=ATP4A PE=2 SV=5|41|115756|7|0|4|0|22061|1|0|0|460.247|918.4794|2|918.485|-0.0056|2|27.92|0.66|E|TVEDIAAR|L|Acetyl:2H(3) (T)|0.30000000.0|3HA120811_1_T_4.2741.2741.2
1|Q9Y490|Talin-1 OS=Homo sapiens GN=TLN1 PE=1 SV=3|64894|271766|1985|1560|174|151|147526|1|1|1|1028.9781|2055.9417|2|2055.942|-0.0002|3|26.59|0.67|E|AVQMMTEAVEDLTTTLNE|A|Acetyl:2H(3) (T); Oxidation (M)|0.000040000000300000.0|3HA120811_1_T_5.7017.7017.2
48|O00429-3|Isoform 2 of Dynamin-1-like protein OS=Homo sapiens GN=DNM1L|4737|79905|131|98|34|25|28423|1|0|0|488.7592|975.5038|2|975.5064|-0.0027|1|27.17|0.67|R|SQLDINNK|K|Acetyl:2H(3) (S)|0.20000000.0|3HA122411_1_ex_T_4_Mix.989.989.2
1475|E9PC08|Uncharacterized protein OS=Homo sapiens GN=SH3KBP1 PE=4 SV=1|50|71171|5|1|3|1|127515|1|1|1|902.0164|1802.0182|2|1802.0282|-0.01|1|26.24|0.68|E|GLPPASLLPFPAHGAKGK|T|Acetyl:2H(3) (K)|0.000000000000000100.0|3HA122411_1_ex_T_4_Mix.8818.8818.2
1667|B7Z278|Uncharacterized protein OS=Homo sapiens GN=RAPGEF4 PE=2 SV=1|38|91715|4|3|3|2|9223|1|1|1|389.216|776.4175|2|776.4148|0.0027|0|28.31|0.68|R|LALTWE|K|Acetyl:2H(3) (T)|0.000300.0|3HA121211_3_T_8.3644.3644.2
1432|Q6P589|Tumor necrosis factor alpha-induced protein 8-like protein 2 OS=Homo sapiens GN=TNFAIP8L2 PE=1 SV=1|53|20657|3|1|3|1|135674|1|1|1|632.2952|1893.8639|3|1893.8534|0.0104|2|25.99|0.68|R|QGAMTALSFGEVDFTFE|A|Acetyl:2H(3) (T)|0.00000000000000300.0|3HA121211_3_T_4.2319.2319.3
733|E9PBS1|Uncharacterized protein OS=Homo sapiens GN=PAICS PE=4 SV=1|240|46307|6|4|4|3|26045|1|1|1|478.744|955.4734|2|955.4802|-0.0068|1|26.63|0.68|R|VTSAHKGPD|E|Acetyl:2H(3) (K)|0.000001000.0|3HA122411_1_ex_T_4_Mix.1592.1592.2
1960|D1MPS6|Uncharacterized protein OS=Homo sapiens GN=ABL2 PE=4 SV=1|27|125622|1|0|1|0|39121|1|1|1|533.2822|1064.5499|2|1064.5508|-0.0009|2|27.35|0.69|R|DKSPSSLLE|D|Acetyl:2H(3) (K); Acetyl:2H(3) (S)|0.010002000.0|3HA121211_3_T_5.2828.2828.2
272|F5H423|Uncharacterized protein OS=Homo sapiens GN=ARF3 PE=3 SV=1|881|23388|33|26|9|7|96783|1|1|1|503.5966|1507.768|3|1507.7749|-0.0069|2|29.08|0.69|K|REPRSLSGTSLTD|M|Acetyl:2H(3) (S); Acetyl:2H(3) (T)|0.0000002030000.0|3HA121211_3_T_3.3847.3847.3
1929|Q9Y2E6|Protein deltex-4 OS=Homo sapiens GN=DTX4 PE=1 SV=2|28|67900|1|0|1|0|187741|1|1|1|942.4636|2824.3689|3|2824.343|0.0259|2|28.34|0.69|R|RQASSMPTGTTMGSPASPPGPNSKTGR|V|2 Acetyl:2H(3) (S); Acetyl:2H(3) (T); 2 Oxidation (M)|0.000204000004000000000020300.0|3HA121211_3_T_3.7670.7670.3
1656|Q9H195|Mucin-3B (Fragment) OS=Homo sapiens GN=MUC3B PE=2 SV=1|38|97387|7|1|3|1|214705|1|1|1|1133.5818|4530.298|4|4530.2554|0.0427|1|26.57|0.7|K|IMSTSQFPIPSTHSSTLQTTPSIPSLQTSLTSTSEFTTE|S|Acetyl:2H(3) (S); 7 Acetyl:2H(3) (T)|0.000300000003000300330200000300000000030.0|3HA121211_3_T_8.8978.8978.4
254|Q5T4S7-4|Isoform 4 of E3 ubiquitin-protein ligase UBR4 OS=Homo sapiens GN=UBR4|944|580483|79|45|46|27|33993|1|1|1|512.7773|1023.54|2|1023.5467|-0.0067|2|27.82|0.7|K|KITDTNSR|I|Acetyl:2H(3) (S); Acetyl:2H(3) (T)|0.00300020.0|3HA121211_3_T_8.1931.1931.2
1895|E9PHZ3|Uncharacterized protein OS=Homo sapiens GN=FXYD6 PE=4 SV=1|29|12653|1|0|1|0|146925|1|1|1|512.2764|2045.0764|4|2045.0925|-0.0161|3|29.3|0.71|R|KQRTEVQPSGGSLWNLR|R|Acetyl:2H(3) (K); Acetyl:2H(3) (T)|0.10030000000000000.0|3HA120811_1_T_4.6452.6452.4
1380|Q59H18|Serine/threonine-protein kinase TNNI3K OS=Homo sapiens GN=TNNI3K PE=1 SV=3|59|94160|4|3|2|1|211171|1|1|1|989.7384|3954.9245|4|3954.946|-0.0215|3|26.75|0.71|E|LMSPASSNSSGSLSPSSSSDCLVNRGGPGRSHVAALR|S|6 Acetyl:2H(3) (S)|0.0000000002020202220000000000000000000.0|3HA122411_1_ex_T_6_Mix.7348.7348.4
1948|Q8IW35|Centrosomal protein of 97 kDa OS=Homo sapiens GN=CEP97 PE=1 SV=1|28|97776|2|0|2|0|2366|1|0|1|318.1737|634.3329|2|634.3365|-0.0036|1|28.26|0.71|K|QSDIK|K|Acetyl:2H(3) (S)|0.02000.0|3HA121211_3_T_2.1869.1869.2
2003|E9PHX2|Uncharacterized protein OS=Homo sapiens GN=MARK3 PE=4 SV=1|26|49130|1|0|1|0|195792|1|1|1|766.6176|3062.4411|4|3062.4252|0.0159|3|26.15|0.72|K|ENSLTEMFAYAASPASVCTSTCRLR|H|3 Acetyl:2H(3) (S); 2 Acetyl:2H(3) (T); Oxidation (M)|0.0000004000002002003230000.0|3HA122411_1_ex_T_5_Mix.7707.7707.4
2012|P12270|Nucleoprotein TPR OS=Homo sapiens GN=TPR PE=1 SV=3|26|267530|7|0|3|0|71431|1|1|1|645.3233|1288.6321|2|1288.6338|-0.0017|3|27.28|0.72|E|NEKIQNEQLE|K|Acetyl:2H(3) (K)|0.0010000000.0|3HA120811_1_T_3.4435.4435.2
1898|F8WA32|Uncharacterized protein OS=Homo sapiens GN=TSGA10 PE=4 SV=1|29|81014|5|1|3|1|61894|1|1|1|407.5548|1219.6426|3|1219.6487|-0.0061|3|28.05|0.73|D|KKSENIASLGE|S|Acetyl:2H(3) (S)|0.00200000000.0|3HA120811_1_T_1.3383.3383.3
1685|B5ME49|Uncharacterized protein OS=Homo sapiens GN=MUC16 PE=4 SV=2|37|1520295|18|1|14|1|122332|1|1|1|876.4493|1750.884|2|1750.885|-0.001|2|29.32|0.73|D|QSTMSPDIITEVITR|L|Acetyl:2H(3) (T); Oxidation (M)|0.000400000000030.0|3HA120811_1_T_8.6493.6493.2
1564|B4E132|Uncharacterized protein OS=Homo sapiens GN=DDX3Y PE=2 SV=1|42|44985|2|1|2|1|76230|1|1|1|663.3612|1324.7079|2|1324.7001|0.0078|3|27.81|0.73|D|SRGKIGLDFCK|Y|Acetyl:2H(3) (S)|0.20000000000.0|3HA121211_3_T_6.4143.4143.2
2027|F8WAA1|Uncharacterized protein OS=Homo sapiens GN=SAMSN1 PE=4 SV=1|26|50166|1|0|1|0|98867|1|1|1|763.3528|1524.691|2|1524.6966|-0.0056|0|25.53|0.73|K|TPMGMWTGMLNNK|V|Acetyl:2H(3) (T)|0.3000000000000.0|3HA121211_3_T_6.104.104.2
1954|Q3T8J9-2|Isoform 2 of GON-4-like protein OS=Homo sapiens GN=GON4L|28|170369|2|0|1|0|84828|1|1|1|700.3307|1398.6468|2|1398.6342|0.0126|3|26.75|0.74|E|HAVELDTGAPSEE|L|Acetyl:2H(3) (T)|0.0000003000000.0|3HA120811_1_T_6.2440.2440.2
1347|E9PMB9|Malic enzyme OS=Homo sapiens GN=ME3 PE=3 SV=1|62|64965|4|1|2|1|10301|1|1|1|397.7313|793.448|2|793.4525|-0.0045|2|26.13|0.74|D|KEAFVR|S|Acetyl:2H(3) (K)|0.100000.0|3HA121211_3_T_4.6721.6721.2
2006|Q5VST9-3|Isoform 3 of Obscurin OS=Homo sapiens GN=OBSCN|26|731245|6|0|4|0|28144|1|1|1|487.7679|973.5212|2|973.516|0.0052|0|25.94|0.74|E|VTVTGPLQD|A|Acetyl:2H(3) (T)|0.000300000.0|3HA120811_1_T_3.4704.4704.2
2030|P08910|Abhydrolase domain-containing protein 2 OS=Homo sapiens GN=ABHD2 PE=2 SV=1|25|49081|1|0|1|0|69970|1|1|1|426.5863|1276.7372|3|1276.7397|-0.0025|1|25.48|0.75|E|SLLTIPKSLSE|K|Acetyl:2H(3) (K); Acetyl:2H(3) (S)|0.20000010000.0|3HA121211_3_T_7.4210.4210.3
1903|E7ETP3|Uncharacterized protein OS=Homo sapiens GN=LHX3 PE=3 SV=1|29|44035|1|0|1|0|148457|1|1|1|690.3596|2068.057|3|2068.0634|-0.0064|1|29.12|0.76|K|ATATGTASVSSAATATPLAER|C|2 Acetyl:2H(3) (S); Acetyl:2H(3) (T)|0.000000020020000300000.0|3HA121211_3_T_3.7232.7232.3
1810|E7EPM4|Uncharacterized protein OS=Homo sapiens GN=MUC17 PE=4 SV=1|32|426035|3|1|3|1|204459|1|1|1|829.6459|3314.5544|4|3314.56|-0.0057|1|26.07|0.77|E|GTSMPTSTPSEGSTPLTYMPVSTMLVVSSE|D|3 Acetyl:2H(3) (S); 2 Acetyl:2H(3) (T); Oxidation (M)|0.002403230200000000000000000000.0|3HA122411_1_ex_T_8_Mix.4341.4341.4
23|P02042|Hemoglobin subunit delta OS=Homo sapiens GN=HBD PE=1 SV=2|8264|16159|380|220|15|13|69759|1|1|1|638.8118|1275.6091|2|1275.6208|-0.0117|1|26.56|0.77|D|LSSPDAVMGNPK|V|Acetyl:2H(3) (S); Oxidation (M)|0.002000040000.0|3HA122411_1_ex_T_8_Mix.1975.1975.2
2005|B4DLJ9|Uncharacterized protein OS=Homo sapiens GN=BTD PE=2 SV=1|26|62203|1|0|1|0|120587|1|1|1|865.9973|1729.9801|2|1729.9752|0.0049|1|26.1|0.77|K|SRLSSGLVTAALYGR|L|3 Acetyl:2H(3) (S); Acetyl:2H(3) (T)|0.200220003000000.0|3HA122411_1_ex_T_3_Mix.6583.6583.2
310|P07203|Glutathione peroxidase 1 OS=Homo sapiens GN=GPX1 PE=1 SV=4|765|22360|35|21|12|8|32084|1|0|1|504.7573|1007.5|2|1007.5037|-0.0037|0|26.62|0.78|D|ATALMTDPK|L|Acetyl:2H(3) (T); Oxidation (M)|0.000043000.0|3HA122411_1_ex_T_4_Mix.2405.2405.2
90|Q3MIV8|Myosin, heavy chain 11, smooth muscle OS=Homo sapiens GN=MYH11 PE=2 SV=1|2323|224294|105|70|23|13|130460|1|1|1|917.4504|1832.8863|2|1832.8943|-0.008|3|28.19|0.78|K|ATQQAEQLSNELATER|S|Acetyl:2H(3) (T)|0.0300000000000000.0|3HA121211_3_T_6.4680.4680.2
1334|Q9NRC6|Spectrin beta chain, brain 4 OS=Homo sapiens GN=SPTBN5 PE=1 SV=1|63|419259|14|4|7|2|154426|1|1|1|1081.4993|2160.984|2|2160.98|0.004|1|25.31|0.78|E|LHQFCHLSNMELSWVAE|H|Acetyl:2H(3) (S); Oxidation (M)|0.00000000040020000.0|3HA120811_1_T_5.8255.8255.2
1918|F5H0L1|Uncharacterized protein OS=Homo sapiens GN=CUL7 PE=3 SV=1|29|201506|1|0|1|0|111024|1|1|1|545.626|1633.8563|3|1633.8463|0.01|3|28.62|0.78|D|SQDTVAGASDLIRTR|T|Acetyl:2H(3) (S)|0.000000002000000.0|3HA120811_1_T_3.4946.4946.3
1125|E7EQI5|Uncharacterized protein OS=Homo sapiens GN=SYNE1 PE=4 SV=2|93|1017127|19|3|10|1|160668|1|1|1|756.712|2267.1143|3|2267.0971|0.0172|3|28.59|0.8|K|SELWIYLQDADQQLQNMK|R|Acetyl:2H(3) (K)|0.000000000000000001.0|3HA120811_1_T_1.5386.5386.3
1383|Q8WXH0|Nesprin-2 OS=Homo sapiens GN=SYNE2 PE=1 SV=3|58|801817|18|5|8|2|82363|1|1|0|689.3846|1376.7546|2|1376.7418|0.0128|1|27.37|0.83|E|ISGQSVAEQLQK|A|2 Acetyl:2H(3) (S)|0.020020000000.0|3HA121211_3_T_7.6426.6426.2
1922|F5GYQ5|Uncharacterized protein OS=Homo sapiens GN=RNASEH2B PE=4 SV=1|29|37679|2|1|2|1|64815|1|1|1|621.3455|1240.6764|2|1240.6795|-0.0031|2|26.5|0.83|K|KNSKMTAAQK|A|Acetyl:2H(3) (K); Acetyl:2H(3) (S); Acetyl:2H(3) (T)|0.0021030000.0|3HA120811_1_T_2.2124.2124.2
1991|Q6UB99|Ankyrin repeat domain-containing protein 11 OS=Homo sapiens GN=ANKRD11 PE=1 SV=3|27|299613|1|0|1|0|82183|1|1|1|688.8386|1375.6627|2|1375.6546|0.0081|2|26.6|0.84|K|DGVDAVPAAISTSE|A|Acetyl:2H(3) (S)|0.00000000002000.0|3HA120811_1_T_8.4043.4043.2
524|P17858-2|Isoform 2 of 6-phosphofructokinase, liver type OS=Homo sapiens GN=PFKL|418|91172|27|17|15|9|123967|1|1|1|884.9352|1767.8558|2|1767.8388|0.017|3|27.65|0.85|R|KEEVTSEPGGTSIMSR|L|Acetyl:2H(3) (T); Oxidation (M)|0.0000300000000400.0|3HA121211_3_T_4.9628.9628.2
1685|B5ME49|Uncharacterized protein OS=Homo sapiens GN=MUC16 PE=4 SV=2|37|1520295|18|1|14|1|211189|1|1|1|989.7478|3954.9621|4|3955.0003|-0.0382|2|26.74|0.85|E|LETTPSMATSHGAEASSAVPTPTVSPGVSGVVTPLVTSSR|A|Acetyl:2H(3) (S); Acetyl:2H(3) (T)|0.0003000000000002000000000000000000000000.0|3HA122411_1_ex_T_8_Mix.7153.7153.4
1381|Q9H9A6|Leucine-rich repeat-containing protein 40 OS=Homo sapiens GN=LRRC40 PE=1 SV=1|59|68720|4|3|2|1|7274|1|1|1|375.7051|749.3957|2|749.3999|-0.0042|1|25.71|0.85|E|QTDLTK|L|Acetyl:2H(3) (T)|0.030000.0|3HA121211_3_T_2.3184.3184.2
1080|B3KQ59|RuvB-like 2 (E. coli), isoform CRA_a OS=Homo sapiens GN=RUVBL2 PE=2 SV=1|102|46448|5|2|4|1|61592|1|1|1|609.8262|1217.6378|2|1217.6443|-0.0065|3|26.88|0.85|K|SEVREQINAK|V|Acetyl:2H(3) (S)|0.2000000000.0|3HA121211_3_T_5.1990.1990.2
1054|P01871|Ig mu chain C region OS=Homo sapiens GN=IGHM PE=1 SV=3|107|49960|5|2|5|2|1580|1|1|0|304.6728|607.3311|2|607.3369|-0.0058|0|25.97|0.87|D|ISSTR|G|Acetyl:2H(3) (T)|0.00030.0|3HA121211_3_T_8.487.487.2
1635|Q8NCM2|Potassium voltage-gated channel subfamily H member 5 OS=Homo sapiens GN=KCNH5 PE=1 SV=3|39|112946|2|1|2|1|73073|1|1|1|651.3168|1300.619|2|1300.6087|0.0102|3|25.69|0.87|R|KTDSCDSGITK|S|2 Acetyl:2H(3) (T)|0.03000000030.0|3HA121211_3_T_7.1797.1797.2
1898|F8WA32|Uncharacterized protein OS=Homo sapiens GN=TSGA10 PE=4 SV=1|29|81014|5|1|3|1|1580|1|0|0|304.6728|607.3311|2|607.3369|-0.0058|0|25.97|0.87|D|LSSTR|E|Acetyl:2H(3) (T)|0.00030.0|3HA121211_3_T_8.487.487.2
167|E7ET75|Uncharacterized protein OS=Homo sapiens GN=DIAPH1 PE=4 SV=2|1366|141107|56|40|23|16|140561|1|1|1|978.5114|1955.0082|2|1954.9941|0.0141|2|28.73|0.87|E|TGVMDSLLEALQSGAAFR|R|Acetyl:2H(3) (S); Acetyl:2H(3) (T)|0.300000000000200000.0|3HA121211_3_T_7.5146.5146.2
254|Q5T4S7-4|Isoform 4 of E3 ubiquitin-protein ligase UBR4 OS=Homo sapiens GN=UBR4|944|580483|79|45|46|27|56041|1|1|1|590.7967|1179.5788|2|1179.5811|-0.0022|1|27|0.88|E|QSSTDQASAIK|T|Acetyl:2H(3) (T)|0.00030000000.0|3HA120811_1_T_3.6323.6323.2
1352|Q8ND71|GTPase IMAP family member 8 OS=Homo sapiens GN=GIMAP8 PE=1 SV=2|62|75699|5|4|2|1|66051|1|1|1|624.8539|1247.6932|2|1247.6913|0.0019|1|26.32|0.88|R|SGKSATGNAILGK|H|Acetyl:2H(3) (S)|0.0002000000000.0|3HA122411_1_ex_T_6_Mix.5414.5414.2
337|P05164|Myeloperoxidase OS=Homo sapiens GN=MPO PE=1 SV=1|688|84784|20|16|13|10|59096|1|1|1|401.2079|1200.602|3|1200.6041|-0.0021|0|26.02|0.89|-|MGVPFFSSLR|C|Acetyl:2H(3) (S); Oxidation (M)|0.4000000200.0|3HA122411_1_ex_T_5_Mix.3423.3423.3
1944|Q96L73|Histone-lysine N-methyltransferase, H3 lysine-36 and H4 lysine-20 specific OS=Homo sapiens GN=NSD1 PE=1 SV=1|28|302109|2|0|2|0|139424|1|1|1|647.9985|1940.9738|3|1940.9606|0.0132|2|28.51|0.89|E|SSSWPASKGLGHMPRAVE|K|Acetyl:2H(3) (S)|0.000000200000000000.0|3HA120811_1_T_4.7096.7096.3
1494|Q92736|Ryanodine receptor 2 OS=Homo sapiens GN=RYR2 PE=1 SV=3|48|569338|10|4|5|1|6533|1|1|1|367.7076|733.4005|2|733.4049|-0.0044|3|26.04|0.92|K|EKADVK|S|Acetyl:2H(3) (K)|0.010000.0|3HA121211_3_T_5.2188.2188.2
2016|P01031|Complement C5 OS=Homo sapiens GN=C5 PE=1 SV=4|26|189897|4|0|3|0|130000|1|1|1|610.6263|1828.8572|3|1828.8421|0.0151|2|25.95|0.92|K|MSAVEGICTSESPVID|H|2 Acetyl:2H(3) (S); Acetyl:2H(3) (T)|0.0000000032020000.0|3HA122411_1_ex_T_1_Mix.4397.4397.3
1685|B5ME49|Uncharacterized protein OS=Homo sapiens GN=MUC16 PE=4 SV=2|37|1520295|18|1|14|1|173609|1|1|1|840.4019|2518.1837|3|2518.1956|-0.0119|2|26.32|0.92|R|TSMSGPEQSTMSQDISIGTIPR|I|3 Acetyl:2H(3) (S); Acetyl:2H(3) (T); Oxidation (M)|0.0040000023020002000000.0|3HA120811_1_T_2.8576.8576.3
1319|Q9NV70-2|Isoform 2 of Exocyst complex component 1 OS=Homo sapiens GN=EXOC1|65|101074|6|4|3|1|45289|1|1|1|554.3043|1106.594|2|1106.5991|-0.0051|1|26.46|0.94|K|KFGLHGSSGK|L|Acetyl:2H(3) (K); Acetyl:2H(3) (S)|0.0000000201.0|3HA120811_1_T_2.5755.5755.2
380|E7ERV0|Uncharacterized protein OS=Homo sapiens GN=HLA-B PE=3 SV=1|605|47905|27|15|6|5|169222|1|1|1|606.0809|2420.2946|4|2420.2792|0.0155|1|27.16|0.94|R|VGRGGAGLGGTGLTAGPGPGSHTLQR|M|2 Acetyl:2H(3) (T)|0.00000000000003000000003000.0|3HA122411_1_ex_T_6_Mix.8030.8030.4
567|E7EQG2|Uncharacterized protein OS=Homo sapiens GN=EIF4A2 PE=3 SV=1|364|41492|12|9|6|4|158738|1|1|1|745.4064|2233.1975|3|2233.2034|-0.0059|1|27.46|0.95|K|LNTSIQVVLLSATMPTDVLE|V|Acetyl:2H(3) (S); Acetyl:2H(3) (T)|0.00000000002000030000.0|3HA121211_3_T_4.7604.7604.3
656|E9PAV3|Uncharacterized protein OS=Homo sapiens GN=NACA PE=4 SV=1|295|205979|9|4|5|3|171968|1|1|1|621.5659|2482.2346|4|2482.2504|-0.0158|3|28.09|0.96|K|EAPATPSSKEASSPPAVTPSTYK|G|2 Acetyl:2H(3) (S); 2 Acetyl:2H(3) (T)|0.00003000000220000300000.0|3HA120811_1_T_2.7237.7237.4
1958|Q9C0C2|182 kDa tankyrase-1-binding protein OS=Homo sapiens GN=TNKS1BP1 PE=1 SV=4|28|182711|1|0|1|0|126826|1|1|1|897.9484|1793.8823|2|1793.8894|-0.0071|2|27.51|0.96|E|GSRHTPSPGLPAEGAPE|A|2 Acetyl:2H(3) (S); Acetyl:2H(3) (T)|0.02003020000000000.0|3HA121211_3_T_6.5053.5053.2
1326|F8W9B6|Uncharacterized protein OS=Homo sapiens GN=NFASC PE=4 SV=1|64|140757|21|10|3|1|213086|1|1|1|1394.0172|4179.0298|3|4179.068|-0.0382|2|25.19|0.96|E|SPAPPNEGSPVMSPPTLPPTTVGATGAVSSTDATAIAATTE|A|2 Acetyl:2H(3) (S); 5 Acetyl:2H(3) (T); Oxidation (M)|0.20000000000400030003300030000230000000000.0|3HA120811_1_T_2.9498.9498.3
1447|F8VSZ4|Uncharacterized protein OS=Homo sapiens GN=PLXNA1 PE=4 SV=1|51|211610|4|1|2|1|28567|1|1|1|489.7487|977.4829|2|977.4857|-0.0028|1|25.56|0.96|R|TASSPDSLR|S|Acetyl:2H(3) (T)|0.300000000.0|3HA120811_1_T_6.2161.2161.2
1425|B7Z5E4|Uncharacterized protein OS=Homo sapiens GN=VPS45 PE=2 SV=1|54|50741|3|1|3|1|119982|1|1|1|575.6183|1723.8332|3|1723.8219|0.0113|1|27.27|0.97|R|HSSNSLPGLMMDLR|N|3 Acetyl:2H(3) (S); 2 Oxidation (M)|0.02202000044000.0|3HA122411_1_ex_T_5_Mix.7305.7305.3
61|B2ZZ83|Filamin B OS=Homo sapiens GN=FLNB PE=2 SV=1|3630|283626|167|133|16|11|103680|1|1|1|522.2529|1563.7368|3|1563.747|-0.0102|1|25.75|0.97|D|MSAHVTSPSGRVTE|A|2 Acetyl:2H(3) (S); Oxidation (M)|0.40000020200000.0|3HA121211_3_T_7.3042.3042.3
309|Q96QK1|Vacuolar protein sorting-associated protein 35 OS=Homo sapiens GN=VPS35 PE=1 SV=2|769|92447|24|19|11|9|15134|1|1|1|425.7192|849.4238|2|849.4271|-0.0033|3|26.19|0.97|E|NSKVDDK|W|Acetyl:2H(3) (K)|0.0010000.0|3HA122411_1_ex_T_3_Mix.1616.1616.2
1949|Q6ZNL6|FYVE, RhoGEF and PH domain-containing protein 5 OS=Homo sapiens GN=FGD5 PE=1 SV=3|28|161730|1|0|1|0|98420|1|1|1|761.3943|1520.774|2|1520.7849|-0.0108|0|27.66|0.97|E|RPVSMSFPLSSPR|F|Acetyl:2H(3) (S); Oxidation (M)|0.0000400002000.0|3HA121211_3_T_3.2066.2066.2
1095|E9PBF6|Uncharacterized protein OS=Homo sapiens GN=LMNB1 PE=3 SV=1|99|44787|6|1|4|1|58859|1|1|1|600.3311|1198.6476|2|1198.6385|0.009|0|25.81|1|R|AGGPTTPLSPTR|L|Acetyl:2H(3) (T)|0.000000000030.0|3HA122411_1_ex_T_2_Mix.3226.3226.2
1225|C9JUK7|Uncharacterized protein OS=Homo sapiens GN=SPN PE=4 SV=1|79|35940|7|5|4|3|150873|1|1|1|702.6664|2104.9773|3|2104.9848|-0.0075|0|25.31|1|K|LSTMMSPTTSTNASTVPFR|N|Acetyl:2H(3) (S); 2 Oxidation (M)|0.0004420000000000000.0|3HA120811_1_T_2.8104.8104.3
1987|Q8WW27|Putative C->U-editing enzyme APOBEC-4 OS=Homo sapiens GN=APOBEC4 PE=2 SV=1|27|41954|1|0|1|0|119953|1|1|1|862.9202|1723.8259|2|1723.8179|0.008|3|26.72|1|E|MDFPASAWNREALR|S|Acetyl:2H(3) (S); Oxidation (M)|0.40000200000000.0|3HA121211_3_T_7.5251.5251.2
2032|P42167|Lamina-associated polypeptide 2, isoforms beta/gamma OS=Homo sapiens GN=TMPO PE=1 SV=2|25|50696|1|0|1|0|107878|1|1|1|534.5891|1600.7453|3|1600.7488|-0.0035|1|25.37|1|E|STPIAETIMASSNE|S|2 Acetyl:2H(3) (S); Acetyl:2H(3) (T); Oxidation (M)|0.23000000402000.0|3HA120811_1_T_3.3261.3261.3
941|A0FGR8-4|Isoform 4 of Extended synaptotagmin-2 OS=Homo sapiens GN=ESYT2|140|59708|10|4|8|4|210417|1|1|1|976.984|3903.9069|4|3903.9271|-0.0202|3|25.65|1|K|TSIKSHMSGSPGPGGSNTAPSTSQSRSRPPASPRTSR|C|Acetyl:2H(3) (K); 2 Acetyl:2H(3) (S); Acetyl:2H(3) (T); Oxidation (M)|0.3201204000000000000000000000000000000.0|3HA122411_1_ex_T_5_Mix.7378.7378.4
68|Q9UPN3|Microtubule-actin cross-linking factor 1, isoforms 1/2/3/5 OS=Homo sapiens GN=MACF1 PE=1 SV=4|3263|843033|173|119|89|64|67353|1|0|0|629.8288|1257.643|2|1257.6472|-0.0042|3|26.21|1|E|TSMSAKELEK|Q|2 Acetyl:2H(3) (S); Acetyl:2H(3) (T)|0.3202000000.0|3HA121211_3_T_2.5584.5584.2
1643|E9PGT0|Uncharacterized protein OS=Homo sapiens GN=RANBP2 PE=4 SV=1|39|254174|5|0|3|0|73233|1|1|0|651.8285|1301.6424|2|1301.6297|0.0128|1|25.59|1|E|TSSVAQSGSESK|V|2 Acetyl:2H(3) (S); Acetyl:2H(3) (T)|0.300000202000.0|3HA120811_1_T_6.5057.5057.2
343|F5H157|Uncharacterized protein OS=Homo sapiens GN=RAB35 PE=3 SV=1|671|21486|27|21|4|3|59942|1|1|1|603.8506|1205.6867|2|1205.6774|0.0093|3|25.16|1|R|TVEINGEKVK|L|Acetyl:2H(3) (K); Acetyl:2H(3) (T)|0.3000000100.0|3HA122411_1_ex_T_4_Mix.5587.5587.2
2031|O00160|Myosin-If OS=Homo sapiens GN=MYO1F PE=1 SV=3|25|125507|3|0|2|0|160853|1|1|1|757.0468|2268.1184|3|2268.0997|0.0188|3|27.6|1.1|D|CENQCVIISGESGAGKTVAAK|Y|Acetyl:2H(3) (S); Acetyl:2H(3) (T)|0.000000002000000030000.0|3HA120811_1_T_1.5460.5460.3
1984|C9JV05|Uncharacterized protein OS=Homo sapiens GN=BRD8 PE=4 SV=1|27|13427|1|0|1|0|92831|1|1|1|491.9202|1472.7387|3|1472.7299|0.0088|0|26.92|1.1|R|DPPTSAAQVAGTTGR|R|Acetyl:2H(3) (T)|0.000000000000300.0|3HA122411_1_ex_T_2_Mix.3456.3456.3
1955|Q5VTT5|Myomesin-3 OS=Homo sapiens GN=MYOM3 PE=2 SV=1|28|163229|1|0|1|0|142077|1|1|1|989.5065|1976.9984|2|1976.9928|0.0056|1|27.59|1.1|E|FSAADYALAAALALTASSE|L|2 Acetyl:2H(3) (S); Acetyl:2H(3) (T)|0.0000000000000030220.0|3HA122411_1_ex_T_1_Mix.4375.4375.2
1957|F8WEC9|Uncharacterized protein OS=Homo sapiens GN=COL4A1 PE=4 SV=1|28|129200|2|0|2|0|183839|1|1|1|455.9045|2729.3832|6|2729.37|0.0132|3|27.57|1.1|D|GIPGVKGEAGLPGTPGPTGPAGQKGEPGSD|G|Acetyl:2H(3) (T)|0.000000000000000003000000000000.0|3HA122411_1_ex_T_6_Mix.4532.4532.6
2023|C9JGZ2|Uncharacterized protein OS=Homo sapiens PE=4 SV=1|26|38358|1|0|1|0|112912|1|1|1|552.3117|1653.9133|3|1653.9129|0.0004|3|25.64|1.1|D|QDGSPSPRLGLLKLE|L|Acetyl:2H(3) (K)|0.000000000000100.0|3HA120811_1_T_8.7642.7642.3
1751|Q05BJ3|Uncharacterized protein OS=Homo sapiens GN=VGF PE=2 SV=1|34|39717|3|2|2|1|57710|1|1|1|596.3085|1190.6025|2|1190.597|0.0055|2|25.5|1.1|E|SALLGGSEAGER|L|Acetyl:2H(3) (S)|0.200000000000.0|3HA120811_1_T_1.2225.2225.2
1967|D6R945|Uncharacterized protein OS=Homo sapiens GN=TTC29 PE=4 SV=1|27|10705|1|0|1|0|184703|1|1|1|919.7993|2756.3761|3|2756.3987|-0.0226|2|27.28|1.1|K|SLHSSSESEMTTLPPLPMTRPK|L|5 Acetyl:2H(3) (S); 2 Acetyl:2H(3) (T); Oxidation (M)|0.2002220204030000003000.0|3HA122411_1_ex_T_6_Mix.6549.6549.3
878|D6RBW1|Uncharacterized protein OS=Homo sapiens GN=EIF4E PE=3 SV=1|161|28722|5|3|4|2|83414|1|1|1|347.4458|1385.754|4|1385.746|0.0079|2|26.21|1.1|D|TATKSGSTTKNR|F|Acetyl:2H(3) (K); 2 Acetyl:2H(3) (T)|0.300000003100.0|3HA122411_1_ex_T_5_Mix.2312.2312.4
1874|A7KAX9|Rho GTPase-activating protein 32 OS=Homo sapiens GN=ARHGAP32 PE=1 SV=1|30|232096|4|0|3|0|91211|1|1|1|729.4061|1456.7977|2|1456.7979|-0.0002|2|25.95|1.1|R|TFMKSRPTKQK|L|2 Acetyl:2H(3) (T); Oxidation (M)|0.30400003000.0|3HA122411_1_ex_T_6_Mix.153.153.2
1155|Q08722|Leukocyte surface antigen CD47 OS=Homo sapiens GN=CD47 PE=1 SV=1|90|35590|16|3|4|2|72601|1|1|1|649.3592|1296.7038|2|1296.6911|0.0127|2|25.23|1.2|E|EPLNAFKESK|G|2 Acetyl:2H(3) (K); Acetyl:2H(3) (S)|0.0000001021.0|3HA121211_3_T_3.5648.5648.2
2004|Q15075|Early endosome antigen 1 OS=Homo sapiens GN=EEA1 PE=1 SV=2|26|163337|2|0|2|0|110929|1|1|1|817.9089|1633.8033|2|1633.8027|0.0006|3|26.13|1.2|D|FETLSQETKIQHE|E|Acetyl:2H(3) (K)|0.0000000010000.0|3HA120811_1_T_7.4515.4515.2
2033|Q6ZRH4|Putative uncharacterized protein FLJ46358 OS=Homo sapiens PE=5 SV=1|25|28150|1|0|1|0|206443|1|1|1|681.7359|3403.6431|5|3403.6667|-0.0236|0|25.35|1.2|D|GLALGWTHGLQPQLSCAVEPSSHLGMSCPLR|L|Acetyl:2H(3) (S)|0.0000000000000000000000000020000.0|3HA121211_3_T_8.8438.8438.5
1716|P25940|Collagen alpha-3(V) chain OS=Homo sapiens GN=COL5A3 PE=1 SV=3|35|172700|4|3|2|1|66036|1|1|1|416.8878|1247.6417|3|1247.6297|0.012|2|25.37|1.2|K|GTSGNRGLQGEK|G|Acetyl:2H(3) (S)|0.002000000000.0|3HA121211_3_T_7.3001.3001.3
1970|B2RN24|KIAA1432 protein OS=Homo sapiens GN=KIAA1432 PE=2 SV=1|27|151825|1|0|1|0|195496|1|1|1|1020.1984|3057.5734|3|3057.554|0.0194|3|27.18|1.2|R|HWHVVQISSTYLESNWPIRFSAIDK|L|Acetyl:2H(3) (S)|0.0000000200000000000000000.0|3HA120811_1_T_7.10127.10127.3
1629|E9PGI4|Uncharacterized protein OS=Homo sapiens GN=APBA2 PE=4 SV=1|39|81934|5|2|2|1|157280|1|1|1|1106.0414|2210.0682|2|2210.0802|-0.012|2|26.72|1.2|E|IKMSLSMTSITSASEASPE|H|Acetyl:2H(3) (K); 3 Acetyl:2H(3) (S); Acetyl:2H(3) (T); Oxidation (M)|0.0102024320000000000.0|3HA122411_1_ex_T_1_Mix.5279.5279.2
2020|F8VRX5|Uncharacterized protein OS=Homo sapiens GN=GRASP PE=4 SV=1|26|23269|1|0|1|0|209422|1|1|1|919.7208|3674.8542|4|3674.8191|0.0351|3|25.82|1.2|-|MVTFVCRVHESSPAQLAGLTPGDTIASVNGLNVE|G|2 Acetyl:2H(3) (S); Oxidation (M)|0.4000000000020000000000000020000000.0|3HA121211_3_T_1.6945.6945.4
1233|A6NKB1|Uncharacterized protein OS=Homo sapiens GN=TTN PE=4 SV=4|77|3739682|37|18|20|5|84730|1|1|0|350.1944|1396.7485|4|1396.7615|-0.013|3|26.11|1.2|D|RTTLTVKDSMR|G|Acetyl:2H(3) (S); Acetyl:2H(3) (T)|0.00300000200.0|3HA120811_1_T_3.1984.1984.4
1814|O14686|Histone-lysine N-methyltransferase MLL2 OS=Homo sapiens GN=MLL2 PE=1 SV=2|32|599575|3|0|3|0|178489|1|1|1|651.3199|2601.2504|4|2601.2387|0.0117|3|26.17|1.3|D|GGVKASPVPSDPEKPGTPGEGMLSSD|L|2 Acetyl:2H(3) (K); Oxidation (M)|0.00010000000001000000040000.0|3HA120811_1_T_6.5452.5452.4
1125|E7EQI5|Uncharacterized protein OS=Homo sapiens GN=SYNE1 PE=4 SV=2|93|1017127|19|3|10|1|82784|1|1|0|460.9188|1379.7346|3|1379.7349|-0.0003|3|25.38|1.3|E|KMLNQSENAKK|D|Acetyl:2H(3) (K); Acetyl:2H(3) (S)|0.00000200010.0|3HA120811_1_T_4.7255.7255.3
1021|F5H335|Uncharacterized protein OS=Homo sapiens GN=EIF3A PE=4 SV=1|116|162936|4|3|3|2|142012|1|1|1|495.0146|1976.0294|4|1976.0155|0.0139|3|26.49|1.3|D|LQVRIDHTSRTLSFGSD|L|Acetyl:2H(3) (T)|0.00000000003000000.0|3HA120811_1_T_7.4973.4973.4
1827|Q8IZD9|Dedicator of cytokinesis protein 3 OS=Homo sapiens GN=DOCK3 PE=1 SV=1|31|235006|5|1|4|1|197457|1|1|1|778.1394|3108.5285|4|3108.5324|-0.0039|2|26.01|1.3|K|LSPACSGTSTPRGNVLASHSPMSPESIK|M|Acetyl:2H(3) (K); 3 Acetyl:2H(3) (S); Acetyl:2H(3) (T); Oxidation (M)|0.0200020300000000000004000201.0|3HA122411_1_ex_T_4_Mix.7699.7699.4
1828|E7ETI5|Uncharacterized protein OS=Homo sapiens GN=GPR98 PE=4 SV=1|31|694733|10|0|5|0|124086|1|1|1|885.4575|1768.9005|2|1768.8996|0.0009|3|26.64|1.3|E|NEDYVLQETIIIMK|E|Acetyl:2H(3) (K); Oxidation (M)|0.00000000000041.0|3HA121211_3_T_8.7933.7933.2
1329|Q14004|Cyclin-dependent kinase 13 OS=Homo sapiens GN=CDK13 PE=1 SV=2|64|165564|6|1|4|1|193405|1|1|1|756.3807|3021.4936|4|3021.487|0.0066|0|26.19|1.3|E|QGLLLGGASAATAATAAGGTGGSGGSPASSSGTQR|R|Acetyl:2H(3) (S); Acetyl:2H(3) (T)|0.00000000000000000003000000000020000.0|3HA122411_1_ex_T_4_Mix.8267.8267.4
763|Q96C24-2|Isoform 2 of Synaptotagmin-like protein 4 OS=Homo sapiens GN=SYTL4|220|40244|20|11|10|6|195096|1|1|1|1018.5203|3052.5391|3|3052.5262|0.0129|3|26.53|1.3|R|QKLARSSMQSGSSMVSSIRSVVTGMLGY|-|Acetyl:2H(3) (K); Acetyl:2H(3) (S); Oxidation (M)|0.0100000000000002000000004000.0|3HA122411_1_ex_T_3_Mix.7609.7609.3
1797|G3V1I9|Lethal giant larvae homolog 2 (Drosophila), isoform CRA_a OS=Homo sapiens GN=LLGL2 PE=4 SV=1|32|112117|2|1|2|1|92863|1|1|1|737.3938|1472.773|2|1472.7736|-0.0006|2|26.04|1.3|K|QPGLVMERALLSD|E|Acetyl:2H(3) (S)|0.0000000000020.0|3HA121211_3_T_4.7740.7740.2
1981|A9Z1Z8|Glutamate receptor, ionotropic, kainate 3 OS=Homo sapiens GN=GRIK3 PE=2 SV=1|27|99348|2|0|2|0|110694|1|1|1|816.4009|1630.7873|2|1630.7853|0.0021|1|25.5|1.3|D|SKGYGIGTPMGSPYR|D|Acetyl:2H(3) (K); Oxidation (M)|0.010000000400000.0|3HA120811_1_T_6.4631.4631.2
1332|B3KUS6|Uncharacterized protein OS=Homo sapiens GN=MAK PE=2 SV=1|64|33902|4|1|2|1|84024|1|1|1|696.8871|1391.7597|2|1391.7527|0.0071|3|25.1|1.3|K|SNESGELVAIKR|M|Acetyl:2H(3) (K); Acetyl:2H(3) (S)|0.200000000010.0|3HA121211_3_T_7.4007.4007.2
1685|B5ME49|Uncharacterized protein OS=Homo sapiens GN=MUC16 PE=4 SV=2|37|1520295|18|1|14|1|173796|1|1|1|841.7428|2522.2066|3|2522.2063|0.0002|3|25.65|1.4|K|ENAPVSMTPAETTVTDSHTPGR|T|2 Acetyl:2H(3) (S); 3 Acetyl:2H(3) (T)|0.0000020000003030203000.0|3HA121211_3_T_8.8551.8551.3
385|G3XAI4|ATP citrate lyase, isoform CRA_a OS=Homo sapiens GN=ACLY PE=4 SV=1|594|120608|23|18|14|12|108694|1|1|1|805.4246|1608.8346|2|1608.83|0.0046|1|26.32|1.4|K|IGNTGGMLDNILASK|L|Acetyl:2H(3) (K); Acetyl:2H(3) (S); Oxidation (M)|0.000000400000021.0|3HA120811_1_T_8.6110.6110.2
924|E7EUK4|Uncharacterized protein OS=Homo sapiens GN=ATP8A1 PE=4 SV=1|146|131756|11|3|7|2|69823|1|1|1|638.8421|1275.6697|2|1275.6572|0.0125|0|25.44|1.4|K|LMQNSTSPPLK|L|Acetyl:2H(3) (S); Oxidation (M)|0.04000020000.0|3HA122411_1_ex_T_1_Mix.3739.3739.2
199|Q04917|14-3-3 protein eta OS=Homo sapiens GN=YWHAH PE=1 SV=4|1178|28372|64|46|18|14|145511|1|1|1|675.669|2023.9852|3|2023.9712|0.014|2|26.05|1.4|D|MASAMKAVTELNEPLSNE|D|Acetyl:2H(3) (K); Acetyl:2H(3) (S)|0.000001000000000200.0|3HA121211_3_T_7.6273.6273.3
1800|B5MDN1|Uncharacterized protein OS=Homo sapiens GN=CASC1 PE=4 SV=3|32|56736|5|2|4|1|89383|1|1|1|721.3882|1440.7618|2|1440.7514|0.0104|2|25.8|1.4|E|MNTFISLWKEK|T|Acetyl:2H(3) (S)|0.00000200000.0|3HA120811_1_T_7.4748.4748.2
1099|Q14525|Keratin, type I cuticular Ha3-II OS=Homo sapiens GN=KRT33B PE=2 SV=3|98|47325|7|4|2|1|73678|1|1|1|653.3389|1304.6633|2|1304.6651|-0.0018|3|25.38|1.4|E|SQLAEIRSDLE|R|Acetyl:2H(3) (S)|0.20000000000.0|3HA121211_3_T_7.4161.4161.2
2018|Q9P265|Disco-interacting protein 2 homolog B OS=Homo sapiens GN=DIP2B PE=1 SV=3|26|173606|1|0|1|0|195263|1|1|1|1019.5215|3055.5428|3|3055.5167|0.0261|2|25.92|1.5|K|CSCLTALDMTGKPVYTLTYGKLWSR|S|2 Acetyl:2H(3) (S); Acetyl:2H(3) (T)|0.0200300000000000000000020.0|3HA121211_3_T_8.9362.9362.3
2008|P57055|Protein ripply3 OS=Homo sapiens GN=DSCR6 PE=2 SV=1|26|20527|1|0|1|0|134492|1|1|1|626.9871|1877.9394|3|1877.9536|-0.0143|2|26.09|1.5|E|GPLPQGVSSRGGKCSSSK|-|Acetyl:2H(3) (K); Acetyl:2H(3) (S)|0.000000000000102000.0|3HA120811_1_T_5.8230.8230.3
1997|B7ZKL7|Lon protease homolog OS=Homo sapiens GN=LONP2 PE=2 SV=1|26|90117|2|0|2|0|157968|1|1|1|555.2949|2217.1503|4|2217.1363|0.0141|0|26.43|1.5|K|GTSLQSTILGVIPNTPDPASD|A|2 Acetyl:2H(3) (S); Acetyl:2H(3) (T)|0.002002300000000000000.0|3HA122411_1_ex_T_6_Mix.5932.5932.4
1130|G3V1C3|Uncharacterized protein OS=Homo sapiens GN=API5 PE=4 SV=1|93|57867|2|1|2|1|5750|1|1|1|360.2071|718.3996|2|718.4053|-0.0056|1|25.61|1.5|K|KSSAGPK|R|Acetyl:2H(3) (S)|0.0200000.0|3HA121211_3_T_2.1651.1651.2
1993|F5H1E6|DNA-directed RNA polymerase OS=Homo sapiens GN=POLR3B PE=3 SV=1|27|122581|2|0|2|0|120201|1|1|1|863.9628|1725.9111|2|1725.905|0.0061|3|26.01|1.5|E|KVMISSNAEDAFLIK|M|Acetyl:2H(3) (S); Oxidation (M)|0.004020000000000.0|3HA122411_1_ex_T_4_Mix.6025.6025.2
2010|Q53F19|Uncharacterized protein C17orf85 OS=Homo sapiens GN=C17orf85 PE=1 SV=2|26|70663|3|1|3|1|166824|1|1|1|592.8203|2367.2521|4|2367.26|-0.0078|3|25.78|1.5|E|MTATRALINMSSLPAQDKIR|S|Acetyl:2H(3) (K); Acetyl:2H(3) (S); Acetyl:2H(3) (T); Oxidation (M)|0.43000000002000000100.0|3HA121211_3_T_2.8631.8631.4
2036|E9PBQ3|Uncharacterized protein OS=Homo sapiens GN=TMEM199 PE=4 SV=1|25|32413|3|0|3|0|144062|1|1|1|1002.4915|2002.9685|2|2002.957|0.0115|3|25.23|1.5|R|NVTCQDTRHGGTLSDLGK|Q|Acetyl:2H(3) (S)|0.000000000000020000.0|3HA120811_1_T_3.7328.7328.2
1685|B5ME49|Uncharacterized protein OS=Homo sapiens GN=MUC16 PE=4 SV=2|37|1520295|18|1|14|1|195022|1|1|1|611.5095|3052.5112|5|3052.5219|-0.0107|3|25.46|1.5|E|SSGSEGTSSGTKMSTVLSKVPTGATTE|I|2 Acetyl:2H(3) (K); 5 Acetyl:2H(3) (S); 3 Acetyl:2H(3) (T); Oxidation (M)|0.220200322001400000100000330.0|3HA122411_1_ex_T_3_Mix.7463.7463.5
679|F5H5C4|Uncharacterized protein OS=Homo sapiens GN=PRKCG PE=4 SV=1|281|81155|8|5|4|1|161196|1|1|1|758.0478|2271.1215|3|2271.1403|-0.0187|1|25.79|1.5|R|VRMGPSSSPIPSPSPSPTDPK|R|3 Acetyl:2H(3) (S); Oxidation (M)|0.004002000000020200000.0|3HA120811_1_T_8.6661.6661.3
1639|P08648|Integrin alpha-5 OS=Homo sapiens GN=ITGA5 PE=1 SV=2|39|115605|3|0|3|0|112668|1|1|1|551.6204|1651.8393|3|1651.8245|0.0148|1|25.75|1.6|D|FQILSKNLNNSQSD|V|Acetyl:2H(3) (K)|0.00000100000000.0|3HA120811_1_T_1.5036.5036.3
1935|Q9HCM1|Uncharacterized protein C12orf35 OS=Homo sapiens GN=C12orf35 PE=1 SV=3|28|196561|2|0|2|0|161629|1|1|1|570.5515|2278.1767|4|2278.1658|0.0109|2|25.65|1.6|K|HSSGVQTSKESLNGLTSHGK|N|2 Acetyl:2H(3) (K); Acetyl:2H(3) (S); 2 Acetyl:2H(3) (T)|0.00000032100000030001.0|3HA121211_3_T_8.8741.8741.4
1603|C9JEB7|Uncharacterized protein OS=Homo sapiens GN=SIGLEC16 PE=4 SV=2|40|50892|9|2|2|1|108067|1|1|1|401.4645|1601.8289|4|1601.8419|-0.013|1|25.7|1.6|D|LIISISHDNTSALE|L|Acetyl:2H(3) (S); Acetyl:2H(3) (T)|0.00000000032000.0|3HA122411_1_ex_T_5_Mix.1775.1775.4
239|P46939|Utrophin OS=Homo sapiens GN=UTRN PE=1 SV=2|1021|396444|47|29|29|18|132825|1|1|1|620.9932|1859.9577|3|1859.9634|-0.0058|1|26.35|1.6|E|SSAALQNLIEGSEPILE|E|2 Acetyl:2H(3) (S)|0.02000000000200000.0|3HA122411_1_ex_T_6_Mix.9295.9295.3
2026|F8WCV4|Uncharacterized protein OS=Homo sapiens GN=UTS2D PE=4 SV=1|26|15303|1|0|1|0|131337|1|1|1|921.9639|1841.9133|2|1841.9068|0.0065|0|25.54|1.6|R|TLIQLNCLQHCQNR|R|Acetyl:2H(3) (T)|0.30000000000000.0|3HA122411_1_ex_T_5_Mix.6292.6292.2
185|Q9H4M9|EH domain-containing protein 1 OS=Homo sapiens GN=EHD1 PE=1 SV=2|1255|60646|72|50|23|16|117764|1|1|1|850.947|1699.8794|2|1699.88|-0.0007|3|25.09|1.7|R|EHQISPGDFPSLRK|M|2 Acetyl:2H(3) (S)|0.00002000002000.0|3HA121211_3_T_7.5177.5177.2
2015|Q92616|Translational activator GCN1 OS=Homo sapiens GN=GCN1L1 PE=1 SV=6|26|294967|3|0|2|0|179328|1|1|1|653.5936|2610.3452|4|2610.323|0.0222|3|25.99|1.7|K|NAPNDASYDAVRQSVVVLMGSLAK|H|Acetyl:2H(3) (K); Acetyl:2H(3) (S); Oxidation (M)|0.000000000000000000402001.0|3HA122411_1_ex_T_8_Mix.8961.8961.4
1233|A6NKB1|Uncharacterized protein OS=Homo sapiens GN=TTN PE=4 SV=4|77|3739682|37|18|20|5|206924|1|1|0|1148.6012|3442.7818|3|3442.748|0.0337|3|25.07|1.7|K|SSYSESSAVVAEYPFSPPGPPGTPKVVHATK|S|6 Acetyl:2H(3) (S)|0.2202022000000002000000000000000.0|3HA121211_3_T_8.8055.8055.3
2040|F5GXX8|Uncharacterized protein OS=Homo sapiens GN=TNS3 PE=4 SV=1|25|98466|1|0|1|0|192316|1|1|1|998.8598|2993.5576|3|2993.5345|0.0231|3|25.11|1.8|R|GTSSRVAVQRGVGSGPHPPDTQQPSPSK|A|Acetyl:2H(3) (K); 2 Acetyl:2H(3) (S); Acetyl:2H(3) (T)|0.0322000000000000000000000001.0|3HA122411_1_ex_T_1_Mix.7001.7001.3
259|Q96RL7-3|Isoform 3 of Vacuolar protein sorting-associated protein 13A OS=Homo sapiens GN=VPS13A|919|357346|44|29|18|12|120437|1|1|1|865.4413|1728.868|2|1728.8804|-0.0124|3|25.42|1.8|E|LSKAMVFMDVRMPK|F|Acetyl:2H(3) (S); 2 Oxidation (M)|0.02004004000000.0|3HA121211_3_T_2.3326.3326.2
1946|Q7Z5P9|Mucin-19 OS=Homo sapiens GN=MUC19 PE=1 SV=2|28|605203|4|0|4|0|192411|1|1|1|600.104|2995.4836|5|2995.4648|0.0188|1|25.24|1.8|E|MTGTNELSAGVTGTIGSSAGVTGTTGLSVE|A|3 Acetyl:2H(3) (S); 2 Acetyl:2H(3) (T); Oxidation (M)|0.400000000000000022000003300200.0|3HA120811_1_T_3.8137.8137.5
1551|Q6WKZ4|Rab11 family-interacting protein 1 OS=Homo sapiens GN=RAB11FIP1 PE=1 SV=2|43|137510|10|1|3|1|158337|1|1|1|742.7188|2225.1346|3|2225.1326|0.002|0|25.78|1.8|D|SPSSLPPLPSSSGQASVPSE|L|7 Acetyl:2H(3) (S)|0.20220000020200020020.0|3HA120811_1_T_2.6344.6344.3
1854|P25054|Adenomatous polyposis coli protein OS=Homo sapiens GN=APC PE=1 SV=2|31|313622|3|1|3|1|154538|1|1|1|541.7863|2163.1159|4|2163.1131|0.0028|0|25.15|2|E|GANSIVSSLHQAAAAACLSR|Q|4 Acetyl:2H(3) (S)|0.00020022000000000020.0|3HA122411_1_ex_T_7_MIx.4172.4172.4
