PEPTIDE , R1 , R2 , R3 , R4 , R5 , R6 , R7 , R8 , R9 , R10
KKSENIASLGE,,,,,,,1,1
AAMASLVRRPSAR,,,,,,,,,1
LQTEKQELLQK,,,,1,,,1,1
KISPFE,,,,1
KPKGAGAGGGGGGFGGGGGFGGGGGGGGGGSFGGGGPPGLGGLFQAGMPK,,,,,,1
YESASMSSTCEPCKSRNRHSAQTEEPVQAK,1
KSDIK,,,,,,1
ALKRKMR,,,,,,1
SELLDLSFLSE,,,1
ASRAFEVSE,,,,1
TMVMEALSLAK,,,,,1
KNPIACTIK,,,,,,,,,,1
LVSKAGDAPLVK,,,,,,,,1
VTDISDDR,,,,,,1
AGTATLAMSEK,,,,,1
NSLTDTWNK,1,,,,,,,,1,1
QTNMDELSVTLDYLLSIPSE,,,,,,,1
VIHDNFGIVEGLMTTVHAITATQR,1,,,,1,,,,1
LKSNQTR,,,,,1
VDMVTEQLHSK,,,,,1
KVKSEK,1
KEKMGFGSISR,,,,,,,,,,1
ESASSSSSVK,,,,,,,,,1
GGTKEK,,,,,,,,,1
EMESLFGSLPEMLE,,,,,,,,1
AGDTGVK,,,,,,1,,1
KGDSVGLR,1
TSSSPILDTR,,,,,,,,,1
HLRLQSEK,,,,,,,,,1
QSRLRPSDPEAK,,,,,,,,1
MATNAAAQNAIK,,,,,,,,,1
SEQSDLSYMAVQVK,,,,,,,,,1
YFTSSR,,,,,,1,1
SAFSEAALEK,,,,,,,,,1,1
SLSPIKDIISLK,1
DDFLMKVLE,,1
GTRMYQPLTEDEIR,,,,,,,,,,1
SQALGNQNSENE,,,,,,1
CSVLSSAGNKTSK,1,,,,1,,,,1
SVSHERVSKMNFKLTGK,1
KEALKDEANQKDK,,,,,1
NAMELVKNMTE,,1
LKPNGANILVTEE,,,1
LIPNK,,,,,,,,,1,1
KVKSDSFNRR,,,,,1
TSSVAQSGSESKVEPK,,,,,,,,1
TPTARD,,1
MAEEVSTLMK,,,,,,,,,1
GTIQSR,,,,,,1
TEDSKNPTK,1
NELERNITIK,1,,,,1
TYLKAVK,,,,1
LLDSSNSSASASQAMNIKIEPEETTEAR,,,,,1
LTMMIK,1
GSPEPTQGPR,1,,,,,,,,,1
TSAKTASNVE,,,,,,1
TVIEPLK,,1,1,,1,,1,,,1
QIESK,,,,,1
QNTTASGCELMHTEMQALR,,,,,,,,,,1
KTIIQNPTDQQKK,,,,,,1,,1
ELSRNQFSTMSHLR,1
TMEIPKDSLQK,1
DGVPGGPGETGKNGGFGRR,,,,,1
TTPTGGLPR,,,,1,,1
LSLEGAAR,1
GSPGILQGPNVCGSR,,,,,,,,,1,1
LASRNVESYTK,,,,,,,,,,1
QSSPAPSRQVTMLPAK,,,,,1
TEIQYEK,1,,,,,,,,,1
SAVTALWGKVNVDEVGGEALGR,,,,,,,,,1,1
QERKEK,,,,,,,,,1
KSSNMKR,,,,,,,,,,1
AASPMNHSVQMNSMGSVPGMAISPSR,,,,,,,,1
QASSETPGCTDR,,,,,1
AESTSSISSTNSLSAATTPTVENE,,,,,,,,1
LTFTSNK,1
TWQRNGLILHTGK,,,,,,,,,,1
VTMIKTADLK,,,,,,1
KVMETQAQVDE,,,,,,1
VIHGDVRGTRWLFE,,,,,,1
TANKAPGSK,1
MSDNGELEDKPPAPPVRMSSTIFSTGGK,,,,,,,,,,1
TSTESR,,,,,,,,1
SMPSLMTGR,,,,,,,,,1
TRPNMGAVRSK,,,,,,,,,1
SSHKRELR,,,,,1
KAESEDIQGSSSSLALEDYVEK,1
KMSLEDK,1,,,,,,,,,1
TESASVQGR,1
EMKLPLDFANTPSR,,,,,,,,,1
MSEGSSHSESSESSDSMAPVGASRITAKWWGSKR,,,,,,,,,,1
LADDLSNAAR,1
VLVKAND,,,,,,1
MLLAEAFSLK,,,,,,1
TRSCTSPAPSPEGWSPWSEWSK,,,,,,,,,1
FEEFQTDMAAHE,,,1
QCLLTLIR,,,,,1,,,1
SPADSLSMSSFQSVKSISNSGK,,,,,,,,,1
GDGTYFAR,,,1
LPPVLHTTMLR,,,,,,1
LTATQSTAPK,,,,,1
EMQQMVKLE,,,1
NKISR,,,,,,,,,1
HLTGQLVSLKK,,1
RTFISQER,,,,,1
VLSSLANMASATVR,,1,,,,,,1
EGTVNSQSGESENE,,,,,,,1
GAVVSASFDDSVDMGVVGTTAGTLWFVSWAE,,,,1
AVITTMK,,,,,,,,,1
YTTYSVKAR,,,,,,,,,,1
TESVAEK,,,,,1
VKKNK,1
TKMDLEK,,,,,,,,,,1
TPSWAPQPK,,1
TPQHMEDQSR,,,,1
SLGRSLGPIMASMADR,,,,,1
MEQNGIMSTACGTPGYVGSVDTPHSMKKR,1
GGRSHASKSHGSGGGGGGGGGGGGGNRK,1,,,,,,,,1
EDAGDNDDTEGAIGVRNK,1
TVSFQGER,,,,,,,,,1
SSMDTTLILKDTE,,,,,,1
GSGEMMTR,1
QNNMKDEEIKVLRNK,,,,,1
GEKGDPGPEGPRGLAGEVGNKGAK,,,,,,,,,1
KDSGSPK,,,1
QFKSFLGDLSSASDK,,,,,,,,,1
TGEAVAEK,1,,,,,,,,1
TLSNESEESVK,,,,,,,,,,1
QTLATPAMGDIQVGMMDKK,,,,,,,,,,1
LTMLDIASNRIKK,,,,,,,,,1
NTDSPR,,,,,,,,,,1
MALTLFDTDE,,,,,,,,1
IKSVNVSVICPSPSMLPAER,1
LVIPSAATK,,,,,,1
KELEDKNILQR,1,,,,1,,,,1,1
ISDFGTSK,,,1
AAAIVIQQK,,,1
SSDTSEIDR,,,,,,,,1
TPVSPGK,,,,,,,1
QTDNQSRLQR,,,,,,1
ATSDNGKDGLAYSALLK,,,1
SPTLREAASSCK,,,,,,,,1
MIYSYSSHSVSSIALSPASLDSMSGNVTMTNPSSSGK,,,,,,,,1
WDFSFAIKTR,,,,,,,,,1
DSPASASQVAGITAR,1,,,,,,,,1,1
DESKGSGLGPNE,,,,,,1
QETSDKSVIE,,,,,,1
MSTENAAILTHCER,1
LESTRTTVR,,,,,,,,,,1
MSSESEKDK,1,,,,1
SNVVEEFQSPFASQSR,1,,,,1,1,1,1,1,1
TKVRLMK,1
KTLQELEE,,,,,,,,1
MQAVQEATR,,,,,,,,,1
LPSDSGDLEALEGK,1,,,,1
DSENTPVK,,,,,,,,,1
KSSNAEVIK,,,,,,,,,,1
KCGEIR,,,,,,,,,1
TDSAKPSQSFPPTGEK,1
TPEHLISQK,,,,,1
LCIKFIPRD,,,,,,1
ENKAEKMGGPESER,1
LWDFRK,,,,,,,,,1,1
SPSASSVGSRGSSGSSSKPAGADSTHK,,,1
TFALHK,,,,,,1
ELTGRGAPVK,,,,,,,1
SAGLRWLGSRR,,1,1,,,1
HEPATSLSLTSR,,,,,,,,,1
ADPSNPGDK,,,,1
KSKGSLK,,,,,,,,1
MTGMSERERQVMKK,,,,,,,,,,1
QFTTPRLSSTTIPLPLHMSKPSIPSKFTDR,,,1
MTQIMFETFNTPAMYVAIQAVLSLYASGRTTAILRLD,,,,,,1
SFDSASQVPNPAAAAIPRTPLSPSPMKTPPAAAVSPMQME,,,,,,,,1
MVVSKMNKDAQMRAAINQK,,,,,,,,,,1
ENATGMTK,,,,,,,,,,1
EVAHSRRAAGGGGPGGPGGSGDFLLIYLANLEAK,,,,,1
KSEAPSGESRK,,,,,1
IISPR,,,,,1
QSFSFSKSSSGQSSKTEHMSSSSENTSTPSSNAK,,,,,,,,,1
LKCGGVEQASSSPRSDPLGSTQD,,,1
MNKAGQVMCVAQGSGHTHSVGTVCCSRLK,,,,,,,,,1
SGKTALIHACIR,,,,,,,,,1
EKPKPDAYDMMVRELGFEMKAQPSNRMK,,,,,,,,,1
MKTSRHSSGGGGGGAGGGGGSMGGGGSGFISGR,,,,,,,,,1
GSLLSQRVTLPRCIMPLGRSGSSTPSFWTRPILGPTMRPPASTGR,,,,,,,,1
ELAAASSAAFSTR,,,,1
AADESERGMKVIENRAMK,,,,,1
LVQVISEDKE,,,,,,,,1
TTNSSAADPR,1
STGGSSESR,,,,,,,,1
IEKMGGATSR,,,,,1
VGSFLR,,,1
QLAELAISK,,,,,,1
MNSTGSGKSSGTVSSVSE,,,,,,1
VSDFGLTK,1
TLIDK,,,,1
SSSVAQVKAMIE,,,,,,,1
DGKEGKSR,,,,,,,,,1
LPEGTLGHIK,1,,,,,,,,1,1
QSAAGTK,,,,,,,,,,1
ESISPEAR,,,,,,1
RSAPSGPVR,,,,1
ATLSTASGVSLPTSSR,,,1
WDTGRSLSSATATTSAPQGATTPQELTLE,,,,,,,1
SINPDEAVAYGAAVQAAILSGDK,,1,1,,1
MSSSYDE,,,1
KLITSMR,,,,,,,,1
KDDAKAAPK,1
KMLLAISELNKNR,,,,1,,,,1,1,1
QSGLSGRQVER,,,,,,,,,1
IIDTSLTR,,,,,,,,,,1
LTQNHKAK,,,,,,,,,1,1
FSVQSPTK,,,,,,,,,1
TCGKTFSCSYTLRR,,,,,1
ENASPSELR,,,,,,,,,1
ISGASEK,1,,,,,,,,1,1
SENGSGSTMMQTKTFSSSSSSKK,1
KDIESIR,,,,,1
ENTMKYMETLKNK,1
MSTPAVNK,,,,,,1
GEGTLPK,1
GAPGQPGTILR,1,,,,1
RALSAVSTQQQEED,,,,,,,,1
SESSCSKDVVR,1,,,,,,,,,1
TPAPNLPPTPTPLVVTSTVTTGLNATILERSLDPD,,,1
SEASNGSTVAAGTSK,,1
ESVASMGADSGDDFASDGSSSREDLSSQLLR,,,,,1
SSLLHSLSR,,,,1
LKELEKDNR,,,,,1
TKKDNMK,1
MNGQLDLSGKLIIK,,,,,1
NQLLNVDLTK,,,,,,,,,1
MNNTAASPMSTATSSSGRSTGKSISFATE,,,,,,,,1
SLTTSLHNK,,,,1
SSKPEGRGDSLSMR,,,,,1
TSPGVK,1
HTTDVIYAAKMISESGSRMDVLAR,,,,,,,,,,1
MSATVVDAVNAAPLSGSKEMSLEEPK,,,,,1
AGGSQPALR,1
VSMFPTR,,,,,,1
TPSPSQPK,1,,,,,,,,1,1
VGNTGGPPHTHGASR,,,,,1
VKHWITFSDPR,1,,,,,,,,,1
ASEPPQSPSE,,,,,,1
KDQVDMTIK,,,,1
TKALE,,,,,,1
FNSLEQLCINFTNE,,,,1
TETVEEPME,,,,,,,1
GKGGKGLGKGGAK,,,,1
TMDVENNSTLE,,,,,,1
FEAAETLEEAAMRSRKQGLDNVHK,,,,,,,,,,1
KASCSTAGSGSR,,,,,,,,,1
LVHSGSGCRSPSLGSDLTFATRTGSR,,,,,,,,1
SVVEAMQRQAR,,,,1
ATQQDLTNLFEEFGQIESINMIPPR,,,,,,,,,,1
MKSNIDKK,,,,,,,,,,1
ISVTDTVSILK,1,,,,1,,,,1,1
RLSELLR,,,1,,1,,1
GEGPEVDVKLPK,1,,,,,,,,1
MAKSGLRQDPQSTAAATVLK,,,1
QSDLASAAAK,,,,,1
SPEAGGWED,,,,1
MMDGKQHIVLK,,,,,1
ENGGGGVPGVPGAGGGAAKALADEK,,,,,,,,,,1
KMPKSGGK,,,1,1,,,1
KYDTPK,,,,,,,,,1
SSTTSSGASTATNSGSSTTSSGTSTATNSESSTVSSGASTATTSE,,1
ELSSMVLELR,,,,,,1
LDKSR,,,,,,,,,1
SRRDTPK,,,,,,,1
ASNSSMKSSIK,,,,,,,,,1
VVNISSMLGR,1
TTEDYKK,,,,,,,,1
KSLIK,,,,,,,,1
TIKISLPGGQK,,,,1
HSTGLQSLGFTLR,1
VVQKMTGLK,,,,,,,,1
TNELLK,,,,,,1
WSFEGMDR,,,,,,1
CSKQENIASGISAKSASDNSKAEETQGNVDEASLK,,,,,1
KGNGAIVSQVK,,,,,,,,,,1
LAMGSVGSGVAHAQEFAMK,,,,,,,,1
MGSSEVSIIPGLQKEEK,,,,,,,,,1
GTVSKSNRK,,1,,,,1,1,1
QAIKIR,,,1
DKSPK,,,,,1
SGKYENHSFSQERTVPDKVQGVSVSNSAR,,,,,,,,,,1
VIPTFFSTMNTSFSDIE,,,,1
TTGIVMDSGDGVTHTVPIYEGYALPHAILR,,,,,,,,,1
AGSEPGAGSGSGAGTGAGAATGAGAMPCK,,,,,,,,,,1
SGGGPQGQEEASGVSPSSLPR,1
KVLFYEEE,,,1
SKTLMNLFFK,,,,,,,,,1
KSGENVAK,1,,,,,,,,1,1
SEVATLTAAGKEVMLVGIGDK,,,,,1
MICDVEISAK,,,,,1
TVPASGAMTTSLMTVPSSGVMSTEQMSATASR,1
LQLLMTASDSGDPPLSSNVSLSLFVLD,,,,,,1
ISSTR,1,,1,,,,,,,1
MQGEAHPSASLID,,,,,,,1
TYTCDAK,,,,,,1
STSTMER,,,,,,,,,1
MSLKIKSK,,,,,,,,,1
FLQTIK,,,,,,1
KDLGAPEGISSGSKADYR,,,,,,,,,,1
WGKVDGEIR,,,,,1
MDLNNMNQSLTLELNTMKQAMK,,,,1
TAATSGRGGR,1
KADSLSSPR,1
VELTEESEK,1
LPLPSTLR,,1,1,,1
IIKSSSK,,,,1
KTSIPVK,,,,,1
AESLSRSR,1
QTKKNPSNPK,1
TQTPPVEE,,,,,,,,1
EMAWSTMKQE,,,,1,,1,,1
KGPAAIQK,1
SSTTSSGASTATNSGSSTTSSGTSTATNSE,,1
SQSSVLADSSPMCTTSTMGDTSVLTSTPAFLE,,,,,,,1
TPETLSPTTR,,,,,,,,,,1
THEPGEEASLK,,,,,,1
EAMAALRK,,,,,,,,,,1
AKAGGSLEPR,,1
EQLSSANTR,1
TELEYQK,,1
ASKSR,1
QPPVGGVSDMR,1,,,,,,,,1,1
GTTQGCHPAWEPRSESQASR,,,,,,,,,1
VVSAPQSLDPTSLPYSTGEEMWSSKPEE,,,1
TLWMSEGR,,,,1
EMKLLLDMYKSAPK,,,,,,,,,1
SIELEWDGPMAVTE,,,1
VSVTPPEESQNSDTPPRPDR,,,,,1,,,,1
MATVVVEATEPEPSGSIANPAASTSPSLSHRFLDSK,,,,1
CTSDELRAVMFPMSTMK,1
MKEIAEAYLGKTVTNAVVTVPAYFNDSQR,,,,,1
EKMVLVTAR,,,,,,1
IWEGMESSGGSPGK,1,,,1
GGTLRGIIK,,,,,,,,,,1
SASRQTRNEEQSGDGTRHSGSR,,,,,1
VVMKASSSLPKK,,,,,,,1
LENSTAPIR,1
RLMESLRGPAADVIR,1
TQYNEQINK,1
MKKSYSALK,,,,,1
MENEKLVLACEDVR,,,,,1
MATSGANGPGSATASASNPR,,,,,,,,,,1
MLAKK,,,,,,1
MKPTAASNTTTPGMVSTNMTSTTLK,1
MLETENK,1,,,,1,,,,1,1
AYSAKEKE,,,,,,,,1
DLSYQIYDVSESNSAVSTE,,1
KSGHLK,,,,,,1
VMSISIR,,,,,,,,,1
QSEKLK,,1
LNSGSGVSHGK,1
SGLSRGR,1
MEAETGSSVETGK,,,,,,1
TVKSSALD,,1
TIAIIAE,,,,,,1
AGSSKK,1
QELAASRTAR,1
TKTAALK,1,,,,1,,,1,1,1
LGSIPLR,,,,,1
SSGNSFAVTGYDLAEIR,,,,,,,1
FQSHMWSQMLVSTSGFLKSISNVSGK,,,,,,,1
KHLTSVHGRSSGEK,,,,,1
LSPSWNPK,1
ALASGTEASSTDPGAPGGPGGAEGPMAK,,,,,,,,1
NSDKNVHSMSMLVKPNSSPGGKTMCK,1
LLAVSDR,,,,,,,,,1
TIDTKTNCR,1
APSDQGKGK,1
LVPSADLK,,,,,,,,,1
TEGKHEETVNK,,,,,,,,,1
VLDTPGPPGPITFK,1
QAEDPASSPTSK,,,,1
LKEEITQLTNNLQDMKHLLQLK,,,,,,,,,,1
KSNFAEALAAHK,,,,,1
SSSQSSK,,,,,,,,1
YLESRDASR,,,,,,,,,,1
LTIPIK,,,,1
ESDQLTVSDQRCDRLPQPGHITEPCGTDCDLR,,,,,,,,,,1
LSSNKDISTFSQDQK,,,,,1
VQNEAKTPLKK,,,,,,,,,1
FLSDAVQDLFPGQAIEK,,,,,,1
KTLSTFK,,,,,,,,1
ACTNGSGSMGSTTSVSSGTATAATHAAADLGSPSLQHSR,,,,,,,,1
ASKEPSPTK,,,,,,1
TLPGGAGK,,,,1
ISGSSDR,,,,,,1
SKEPKSSAQLLED,,,,,,,,1
ANTELENKIR,,,,,,1
QWSSELLSKKKIQER,1
NNSSAFTALSE,,,,,,1
SNGPRSTPGTAVQK,,,,,,,,,,1
GERHGSSSGSSSSYGQHGSGSR,,,,,,,,,,1
YPLKTWFDSEK,,,,,1
MRMSSLKGK,,,,,1
STSQVASSATE,,1
TNIESMKME,,,,,,,1
IHSSR,,,,,,,,,1
GNSILPER,,,,,,1
TLSAMAR,,1
EMTQPK,,,,,1
GHVKLSDFGLCTGLKK,,,,,,1,1,1
GLMVYANQVASDMMVSLMK,,,,,,,,1
SNCSHCALLLLHLSPGAAGSSR,1
MQETPSSANGPSREGSR,,,,,,,,,1
SSPTTSEGTSMPTSTPSEGSTPFTSMPVSTMPVVTSE,,1,1
ETVLCAAGQAGVLD,,,1,1
QLSILK,,,,1,,1
DVHILHPTHSQALAVLSRSPVTLECVVSGVPAPQVYWLK,,,,,,,,1
TEKNTQEMMK,,,,,,,,,1
TLQVTMPVKPTNDNDE,,,,,,,,1
VDTNKAHPDNK,,,,,,,,,,1
KSFSLSYYKDHHHR,,,1,1,,1
LYANNVMSGGTTMYPGIADR,,,,,,1,,1
FYSQAIE,,,1,,,1,,1
VTVAGFQPGGAVEK,,,,,,,,,,1
IPPESEAR,1
FEKSSTE,,,,,,,1
FLTLMKTLK,,,,,1,,,,,1
KPSLENELGQGEK,,1,1,,,,,1
LDLGEDYPSGK,,,,,,,,,,1
LQNSR,,,,,,,,,1
KTMIKK,1
MVMSSLAE,,,,1
MELITILE,,1,1,,,1
TFGQGTK,,,,,,,,,,1
NLHSSHSSGLMDK,,,,,,,,,,1
MAAAWGSSLTAATQR,,,,,,,,,,1
MAESSESFTMASSPAQRR,,,,,,,,,1
DGDSYSLR,,,,,,,,,1
DKDTSSDPLLE,,,,1
TFASGK,,,,,,,,,,1
EQLTQELQE,,,,,,,1
AGSLYLSGAPGTGK,,,,,,,,,,1
TQSSGDMGLPPASK,,,,,1
EAFTAQEE,,,,,,1
DTESEK,,,,,1
RQDSAGPVLDGARSR,,,,,1
MSSMLTSLAE,,,1,,,1,,1
ESETSE,,,,1
TPLMTACASGNIDVVKFLLE,,,,,,1
LQDEEASMGASYSK,,,,,,,,,,1
LSKALSSMHAK,,,1,,,1
MTPKDDIR,,,,,1
QSILSVRLE,,,,1
LGAFGLDRSYMGK,,1
DDAKKGDDGSGEK,,,,,1
GSFGGVLQK,1
NVELQPK,1,,,,1
MEASSSGITNGK,,,,,,,,,1
EAAGKSSGPTSLFAVTVAPPGARQGQQQAGGDGKTEQK,,,,,1
IENMDTFSNLLYVRSMKSELSYLAHNLCEIDK,,,,,,,,,,1
DEAPIISNSE,,,,1
LPTLR,,,,,,,,,1
MSPDPK,,,,1
MPNDVSK,,,,,,,,1
TIMCVTESIFSSMGDAGE,,,,,,1,1
SKEYIEREQSR,,,,,,,,,,1
AITTLMAGILR,1
MLLIQAYSAK,,,,1
FYIAQWFRDTTLETEK,,,,,,,,,,1
QKGMMRPNASQPGGAKDSVNGTMAR,1,,,1
TLKGGHMDR,,,,,1,1
LDVTILSPSR,1
NSIAKK,,,,,1,,,,1
LTNAEGVEFK,,,,1
TNITRLQLE,,,,,,1
KTGHRLSK,1
VLFFLSK,,,,,,1
SSVNELTQK,,,,,,,,,1
EPVVYPWMRK,1
NFNVATEESSEPLGED,,,1
SSGAGGGSGSGGSGSGGLIGLMKD,,,,,,,,1
RFSTMARSGQDNRK,1
TWMVGTK,1
NFDFQKSDR,,,,,,,,,1,1
QSEADALAVLKK,,1
LLGHTCK,,,,,,,,,1
TEDLASLAAEGK,1,,,,,,,,1,1
VLVQSPSTQPAE,,,1
ESSQVTSR,1
KVENTR,,,,,,1
KSLYESDR,,,,,1
GAAEMVLQMISACKGETGAMVSSTLK,,,,,1
QVQVCPSFR,,,,,1
STTSQVTPAEEKDGHSPMSK,,,,,,,,,,1
TAFTLKQKLVNMGGYTGK,1
RKAASQPTSLAPEK,,,,,,,,,,1
NGSLYKK,,,,,1
SPKAPPSSR,,,,,,1
KSESKEK,1
ERPAARSGPAMSRR,,,,,1
EVQIDILDTAGQE,,1
KMAHISK,,,,,,,,,1
KGASLSNGQGSR,,,,,1
TPESGR,1
SGSGSIDDDR,1
ETAPAEADVASLNR,1
IKCQVVKEIR,,,1
KSGLLK,,,,,,,,,1
EGLSSER,,,,,1
ISEIEKEIAR,1,,,,,,,,1
EAAAGATK,,,,,,1
SQSLSLQMPPQQDWKGPPAASPAMSPTTPVVTGATSLPTPAPYAMPE,,,,1
IETFYK,,,,,,1
SARVGNIPSSTSALK,,,,1
ARSVDALDDLTPPSTAESGSRSPTSNGGR,,,,,1
IKSTWIK,,,,,1
KGTDDSMTLQSQK,,,,,,,,,,1
VPGTSTSATLTGLTR,,,,,1,,,,1
KMAQMSSLVEK,,,,,,1
EPVLCGDVQATSRK,1
ALVGPGSPPR,,,,,,,,1
WSSSLLAAPSFHSPEK,,,,,,,,,1
TSNTSISKMK,,,,,,,,1
VHVVLSSLSSHLEPTHELDSMDCSSHSESEQLPR,,,,,,,,,1
GAEPAKESGLGAE,,,,,,1
LTAEEMDERRR,1
AWQHYLASEKK,,,,,1
TTMKCTE,,,,,,1
SLTANPELIDR,,,,1,,,,,,1
TEPIVLE,,,,,,,,1
QMEKCIQEK,,,,1
SSAIPDFR,,,,,,,,,1
MASGGGGGNTGAGGGPGMGLSLGLGLGLSLGMSEATSEAE,,1
MIPSEAKESMDK,,,,,1
RFCSVSCSRSYSSNSKK,,,,,1
SLPQAVGQGSSSPPGGK,,,,,,,,,,1
QVKAVTIEKTAKPKPTK,,,,,,,,,1
YEDVSSQSEQGLLLGGASAATAATAAGGTGGSGGSPASSSGTQR,,,,,,1
TSAQAQTGNIR,,,,,,,,,,1
MTERGDE,,,,,,1
TEQAGR,,,,,,,,,1,1
DTDDVPMILVGNK,1
IVTKFNK,,,,,1
SKNTLK,1,,,,,,,,1
SSNLESVK,,,1
EVSTTER,,,,,,,,,,1
LNSNLHACDSGASIR,,,,,,,,,,1
TVLTMK,,,,1
YTKLSDPANWLK,1
SSHGLPPGIPR,,,,1
KGSYSFR,,,,,,,,,1
TIGSQCGK,,,,,,,,1
EAGCSSETGLLPGSIFAPSGANSLLDMASK,,,,,1
LYRSVIEDVINDVR,1
GGNTAILNR,,,,,,,,,1
SPSCSGSCCSVMSQPCHMCIL,,,1
TVKELLDGGANPLQR,,,,,,,1
TKLGPGEK,,,,,1,,,,1
ETFDPEK,,,,,,,,1
SPGQKSR,1,,,,,,,,1,1
ETAPGGTE,,,,,,,1
ILGSLQQGPVTGHQLGLPTEGSKWDLGNPAVNLSTVAVMPVSE,,,,,,,1
PVESLNTLLK,,,,,,,,,,1
GSTSKPSSKSHSAR,1
MARLLSPGAR,,,,,1
SMSTEGLMK,,1,,1
FAEEDAKPKEK,,,,,1
MSAHNRGTELAR,,,,,,,,,,1
ILEASQLK,,,,,,,,,,1
SDATEK,,,,1
TALAEDQLR,1,,,,,,,,1
GNTKMSIHLIHMRVAAQGFVVGAMTVGMGYSMYR,,,,1
KDVSSPGGSGGK,,,,,1
IGSSNMGPVGSGISGGMGSMNSVTGGMGMGLDRMSSSFDR,,,,1
EMASGVNTR,,,,,,,,,1,1
ETGGGKEK,,,,,,1
KPTPVPK,,,,,1
SMSNGNSSATSSLGIMDLDIYQE,,,1,1,,1,1,1
HLMSQRNSGETTETSDGMNFTK,,,,,,,,,,1
EPMLKESFEGMK,,,,,,,,,1
LARSPR,1
MQSYTPPSNEFK,,,,,,,,,1
SILSSRKTAR,,,,,,1
MTGSAPPPSPTPNKEMK,,,,,1
KGGKPGSSR,1,,,,,,,,,1
KPKDKAE,,,,,,,1
RYTMSRSLDGASVNENHEIYMKDSMSAAEVGTGQYATTK,1
TLGESQR,,,,,,1
KSPLIE,,,,,,,,1
MMSASR,1,,,,1
MSMYEASAHVPLLMMGPGIKAGLQVSNVVSLVD,,,,,,1
KSYKLK,,,,,,,,,,1
QLLSLK,,,,1
EVSEDRRQDLLSR,,,,,1
SKQLVNNK,,,,,,,,,1
LLFPSSLAGE,,,,,,1
TPTISLAGASMMEIK,1,,,,,,,,1
IQNLLGTKQSE,,,1,,,,,1
KAKENK,,,,1
TPSKTSSHSPSTFPSGGQTLSQD,,,,1
QIDNQYHSLLE,,,,,,,1
TDKPGAAPPSTEER,1
AIAEIK,1
QIKELR,,,,,,,1
DTDVNKQDKQK,,,,,1
FSKMIDE,,,,,,1
MLVDLAKSR,,,,1
MAEDNHKKKTVK,,,,,,,,,,1
SQISSKENK,,,,,,1
ESSSASDVMSHKR,,1,1,,,1
KMEVEELSPLALGR,,,,,1
LCYVALDFENEMATAASSSSLEK,,,,,1
QDVIERKDK,1
AVAPKPSSR,,,,,,,,,,1
LINTDKEK,,,,,1
MSSQAAQGNSTWPAPAEETGSSPAGTSPGSPE,,,,1
HSQLLLNLLEMMLYAGLPELSGIQDLK,,,,,1
SASVPETPLDCEVSLWSSWGLCGGHCGR,,,,1
GFTKDK,1
LSALNEALALDK,,,,,1,,,,,1
MLHLTDIQLQD,,,,,,,1
YKVLMATHGFSGTSPFMNGGLGATSPLGVHPSAQSPMQHLGVGME,,,,,,1
TNKAHK,,,,,1,,,,1
RPGSSR,,,,,,,,1
SVSEIFVELQGFLAAEQDIR,,,,,,,,,1
TLQQMLLK,,,,,1
VRTLLSNER,,,,,,,,1
VTSHAASGAK,,,,,,1
TKYVK,,,,,,,,,,1
RSCSHCSSK,1
FTQSALDCMSVE,,,1
GKGSVKEGKVGR,1
TPPTASPAR,1
VQGFMSGISPQQMGEPEGSWSGKNPGTMGASR,,,,,,,,,1
ESKSGLVKPGSEADFSSSSSTGSISAPEVHMSTAGSKRSSSSR,,,,,,,,,,1
NSAKSGSAGKKAK,,,1
DAVLSR,,,,,,,,,1
TSTTAEK,1,,,,,,,,1
VIKGWEDGMLGMKK,,,,,,,,,1
KSEEMELKLERAGMLVSGLAGEK,1
KELSGSSSAPK,,,,,,,,,,1
TVDLVKGQHKSK,,,,,,,,,1,1
DLWSKR,,,,,,,,1
SSGQHQNDKGKNVR,1
HSKLSAMMGAVAE,,1
SPECLVLGGGDTNPDLLR,,,,1,,,1,1
GQEQSAQKTK,,,,,1
IDKNSTASYLK,1
SPTNAGR,1
TIHLTLK,1,,,,,,,,1,1
MEPSLKYINK,,,,,1
RAASMDSSSKLLR,1
VLELPYQGEELSMVILLPDDIEDESTGLKK,,,,,1
AAKETISLAEQR,,,,,,,,,,1
TGTASGK,,,,,,,,,,1
TAGTCLYFSAVPGILPSSQPPISCSEE,,,,1
LLLLGPGESGK,1,,,,,,,,1,1
TLYMK,,,1
TVSSKTPK,,,,,,,,,,1
ERATATVPDSSGGGGGGSGASQTGAANTR,,,,,,,,,,1
NIFKRNQEPIVAPATTTATMPIGPVDNSTE,,,,1
LLSGGGRSK,1
SLSPEPKSR,,,,,,1,,1
FTLKGNLTRHMK,1
AAPEMVSLLKR,,,,,1
LLTAGKK,,,,1
GALISSSHFPGEIR,,,,1
KSLGGIEGCLSKLK,,,1
LLSIAKQLGIMTNWK,,1,,,,,,1
STTKDSK,1,,,,,,,,1
QYRESYISDNLDLDMDQLEK,,,,,,,,,1
GGGALEK,,,,,,1
KTDSCDSGITK,,,,,1
SETTKATSAMGTISIMGDTSVSTLTPALSNTR,,,1
TIESILEPVAQQISHLVIMHEEGEVDGK,,,,,,,,,1
SKADTGSSNQDK,1,,,,1,1,,,1,1
VVITFNQGLR,,,1
KSSKMVFKAPIK,1,,,,,,,,,1
QLLDPSR,,,,,,1
SEMAVASGHLNSTGVLLE,,,,,,,1
QEMLFKETGFSVK,,,,,,,1
SKIADGSVK,,,,,,,,,1
TSANFMYCGTPPTQAKQVCRPSD,,,,1
TLAGAVSDLLK,,,,,1
AGKKASFK,,,,,,,,1
TALDMRGR,,,,,,,,1
KEEEEGEEK,,,,,1
SLSMGNSTHTSMTYTEKSEVSSSIHPRPE,,,1
QEMQEVQSSRSGRGGNFGFGDSRGGGGNFGPGPGSNFR,1
TLKASSGK,,,,,,1
TEMAPGASQGDQQ,,,,1
NMYKTQIDE,,,,,,,,1
LEQGGCTNDRR,,,,,,,,,1
YVFASVDSKPPVISLQK,,,,,1,,,1
TNNPLK,,,,,,,,,1
STLSSNMPYGLSK,1,,,,1
KFLLLSINR,1
MEGTSSKNK,,,,,,,1
ASSYQMKSE,,,,,,,,1
LKQGEPIMTGK,1
TDGLVFVVDAAEAERLEEAK,1
NSSSHAASFHGDMKLSR,,,,,,,,,1
SSGLSER,,,,,,,1
QITIPR,,,,,,,,,,1
QSMDRGVMMTAASGSR,,1
REVSSSEGR,,,,1
LKDTSK,,,,1
KSNSSPSRDR,,,,,,,,,1
SKEGNYYSPNLE,,,,,,,,1
KPLTVLNK,1,,,,,,,,1
TPELMIK,,,,,,,,,,1
SSSESEK,,,,,,1
QLTLPR,,,,,,,,,1
RMPLLAKGK,,,,,,1
WATTPPPLAGGAGGAGGAGGGPGPGQAGWLE,,,,,,1
GVDAQGTLSK,,,,,1
SLETDRADAEEALK,1
QELSNTARLEIK,,,,,,,,1
YTCEAHNAAGSASSSTSLKVK,,,,,,,1
TVQNLVFSK,,,,,,,,,1
TLNDSLK,,,,,1
MGKNHSSASFSSSITINTTCCSSSSSSSSSLSKTSGDLKPR,,,,,,1
TCNQGTQK,,,1
DTDVNKK,,,,,1
GMRGEPGFMGTPGKVGPPGDPGFPGMK,,,,,,,,,1
TVPASQPLSK,,,,1
GPGSFPSNMR,,,,,1
LCSSSTTNNDPYAKPPDTPRPVMTDQFPKSLGLSR,,,,,,,,1
DNMRSYEDQSPR,1
EFQNLKDPTNGYYSVNTFK,,,,,,,,,1
MSIFVISAKEQYETLSK,,,,,,,,,,1
CGIPLSHLQVDGGMTSNK,,,,,,,1
AASCVLLHTGQK,,,,,1
LTDPISKER,,,1
TNLEVNK,,,,1
KSLGGK,,,1,,,,,,,1
FDSSLDRKDK,,,,,,,,,,1
VGSKK,,,,,,,,,1
TMKKIK,1,1,,,,,,,,1
QVLLLFVFLGGSLAGSESR,,,,,,1
SEVDLTR,,,,,1
TELEAR,,,,,,,,,1
MYLLPDKR,,,,,,,,,,1
KITDTNSR,,,,,,,,,1
LLAEAKE,,,,,,,,1
FLNNASISVE,,,,,,1
LFPMKALGYFAVVTGKGNSSESIEAIR,,,,,,,,,1
RAKRFASLSR,1
VTVPTSNGDQTQK,,,,,,1
NSKTHEGLTEE,,,,,,,,1
ALSSSADDASLVNASISSSVKATSPVK,1
SSQSSSQQFSGIGR,,,,,1
MKVLELQSPPKASMVVK,1,,,,1,,,,1,1
YSKFFDLQMQLLDK,,,,,1
LHGINPVFLSSNPSR,,,,,,,1
TCGRSQLILQK,,,,,,,,,,1
FSMGSR,,,,,,1
TTAQSDNKITWSIIR,,,1
TIIDK,,,,1
KVNPETR,,1
TPMTLPK,,,,,,,,1
FAQSSSLAE,,,,,,,,1
DAYSHSSSENGGK,,,,,,,,,1
TARGR,,,,,,,,1
TADAEIKMQSMQTPLGKTR,,,,,,,,,1,1
TLAKNK,,,,,,1
QSTPILK,,1,1,,,1
IMESFK,,,,,,,,,1
ITENEATQNIK,1
MKETIFE,,,,1
TLLLSPGTSEHRK,1
LWLPSSMGLDFLS,,,1
CQLGPHHQKSNSLKPLSMSQLKQWKHFSGD,,,,,,1
VFMETSTMSTETEPFVENK,,,,1
LVLNCSTK,,1
SVGRSR,,,1
GISMSSSK,,,,,,1
TVGRPEGAPGGAEGSR,1
MLFTSEGNILDNEE,,,,,,,1,1
SNSNGRK,,,1
TGISNMR,,,,,,,1
VLYSLAK,,,,,,1,,,,1
QSSSSGAK,,,,,,,,,1
KSGQIE,,,1
QDLKSLK,,,,,,,,1
KDLTDPISK,,,1,,,1,1
MSQSVLAGGGIPEPHLGCPGTYRSIVRINGSALSPHPGLR,,,,1,,,,1
RSHMPGTR,,,,1
SNQVSIAGQPAGVESAR,,,,,,,,,1
ILIDKSGK,1
SSKPSMSLAPSGSSMPTADPKPPASLKSTKSATPNR,,,,1
TAAQSSPGR,,,,,,1
ETSAKE,,,1
LSECEEQAKAAKKGMWSEGNGSHTIR,,,,,1
MGMKHSSRCLLLRR,,,,,,,,,1
VTISCSGGSSNGTGNNYVYWYQQLPGTAPK,,,,,,,,1
ISISNETK,,,,,,,,,1
TCSKEFK,1,,,,1
NKDMKGTLR,1
GGRGGSGGTR,,,,,,,,,1
SDVSKEMKEKSSMK,,,,,,,,,1
NSPMEDLGAKGAKEK,,,,,1
HTVVGMSQMDSHKR,1
KERSLNELR,,,,,1
MVRKITLVSAAPGK,,,,,1
TGSSGIIVR,,,,,,,,,1
KRGGGGGRR,,,,,,1
IGAPFSLK,,,1,1,,1
SPTSNGGRSR,1
TSKSK,,,,1
QQLTGHSKR,,,,,1
TVTEKINK,,,,,,,,,,1
TLKALE,,,,,,1
TYLKGRLLGK,1
LTAEEMDERR,1
TTLDK,,,,,,,,,1
MADEAVCVGPAPTSKSYLNMDAIMEAIK,,,,,1
KETETK,,,,,1
EDDVMASGTVK,,,,,,1
MRTGYSSVPSKLR,,,,,,,,,1
KEMASMK,,,1
LSYQGQSR,,,,,1
DDSDINTSKTGEEEK,,,,,1
IEKSK,,,,,,1,,,,1
TFLQPSGNMDDSGFFSIQVISNALK,,,,,,1
EKSKSK,,,,,,,,,,1
NGSPTPAGSLGGGAVATAGGPGSR,1
SLTMVALAK,,,,,,,,,,1
ITELMQVLKDLNHGKYERTMVSQQEK,,,,,1
NLTALNKSGSVAVYPGIILTGYMDEE,,,,,,,1
TLNTLDINLESGTTSSPSWK,,,,1,1,,,,,1
MQYETLQE,,,1,,,1
ISQAPQVSISRSK,,,,,,,,,,1
DSGDMSVRSKSR,,,,,1
NSETEIQDSQKNLAK,,,,,,,,,,1
SSGGGMGTTGQSTARSE,,,,,,1
MQETKVQISQLHQEIQRLQSQTENLK,1
KKSKPK,,,,,,,1
MLSSKEAGFLMGASCGGGNMK,,,,,,,,,,1
TTSPFAPTMSSPKRSSKPSMSLAPSGSSMPTADPKPPASLKSTK,,,,,,,1
SSYDLGYTAAYTSYAPYGTSSSPANNEPE,,1
IGMTTYK,,,,,,,,,1
SPQESTGDPGNSSSVSEGK,1
EPPGTSQTSPEE,,,,1,,,,1
DGATPSPSNETPK,,,,,,1
ILPGSPVK,,,,,,,,,,1
TKPSSAVLSSMTLSNAATSPE,,,,,,,,1
SEDLPLNISRE,,,1,1,,1,,1
KLFIGMISKK,1,,,,,,,,1,1
TNIVLMVNFSSR,,,,,,,1
SGAKLR,1
TSYETADK,,,,,1
KMMATYKEK,,,,,1,,,,1
ARLLGASAARGDVLTFLD,,,,,,1
SRESESFYKTGSSRAAK,1,,,,1,,,,1
KILMDPK,,,,,,,,,,1
TEKEEMELK,,,,,,,,,,1
VPESVELTSK,,,,,,,,,1
GATEEAVR,,,,,,,,1
SGTSMMMLEQFRKVK,,,,1
LKYITHDK,1
SKEEVSSLISEK,1
MIFKLFSQETVMK,,,,,,,,,1
VDGVATTR,,,,,,1
TIANSSR,,1,1
TVDSVLR,,1,,,,1
TKISAMK,,,,,,,,,1
QGTIDER,1
YDTIPHTNR,,1,1
TTTAASTR,1,,,,,,,,,1
MVNLQSGGFSCTIR,1
NSATGKESSK,,,,,,,,,,1
SHGSGGGGGGGGGGGGGNRKASSR,,,,,1
LESNVSLWLSAVSQYKAR,,,,1
TQAAAVQK,,,,,,,,,1,1
SKLEMEVLE,,,,1,,1
TQVSLKDQITSGK,1
RSASSGAEGDVSSE,,,,1
TQEWEEGLD,,,,,,,,1
KMDETDASSAVKVKR,,,,,,,,,,1
MVQAFSAQSGMKLE,,,,,,1
AMTIAKLK,,,,,1
GSGESGIQGFRGPGSFPKNMR,,,,,,,,,1
ATRFFGEALEFNSHPSNSIGE,,,,,,,,1
LGLGADVAQVTGALR,,,,,,,1
SISANEKK,,,,,,,,,,1
TEYARLE,,,,,,1
NYRSKTSQEGALK,,,,,,,,,1
TNNLETGPSTR,,,,,,,,,,1
TNIEASKLPTSEPE,,,,1,,1
SVGIQAK,,,,,,,,,1
SEEEQSSSSMKK,,,,,1
TEEGNNKPQK,,,1,1
VSALPTPASR,,,,,,,,,,1
LLSSAQR,,,,,,,,,1
VMKEEMK,,,,,,,,,1
MPEMNIKAPK,,,1
KSTADSGGEGLE,,,,,,1
VSLPSVEVDVEAPR,,,,,,1
GNTTAGLGNVSLITTPVKHSHVLSIFGPVSSK,,,,,,,,1
SSAAPNMQGVR,,,1
IVDVNLTSEGKVK,,,,,,,,,1,1
SVQTEK,,,,,,,,,,1
SRAARPTMDPSAHRSRAAPPNMDPDPQAGVQVGMR,,1
DMSLSQPTIAAISNVLSFLLQGFPSSNDLLR,,,,,,,,1
ELNELGSK,,,,,,,,,,1
KSSPGTSNK,,,,,,,,,,1
TLSSHPLSE,,,,,,1
TQVTTK,,,,1
SSSDFISK,,,,1,1
NKINELELR,,,,,,,,,1
QQSLSKEGSIGGSGGSGGGGGGGLKPSITKQHSQTPSTLNPTMPASE,,,,,,,1
EESKILLEK,1,,,,,,,,1
SASKLR,1
SADKDPMLLSGTHVMEGSGR,,,,,,,,,1
QCLIGQTKENR,,,,,,1
TQMHPLMSQMSGSVTASMATGSATR,,1
QNAQTQEQE,,,,1
TESPMGALQPDE,,,,,,1
NNKDTNK,,,,,,,,,1
EMSEEMDKNK,,,,,,,,,1,1
SNDTAASEYKYVVK,,,,,,,,,,1
EMDSSASSLR,,,,,,1
SSAWAEGGSPRSTRSLLGDPRLR,,,,,,,,,,1
QMAAQQQQRAK,,,,,1
LSGYAQRK,,,,,,1
SQLNGDSSALLNPSK,,,,,,,,1
TFSSHFE,,,,,,,1
SQPEDTPENTVR,,,,,,,,,,1
LSTGETNSLIK,,,,,,1
NSCASDKR,,,,,,,,,1
KSANIE,,,1
ELEGTNAEEEKNK,,,,,,,,,,1
TATNIIK,,,,,,,,,1
FSGPLAK,,,,,,,1
SAVSDK,,,,,,,,,1
ACATQKQGQPEKGKAK,1
TLSSDAQHLQNSALPPLSTE,,,,,,,1
MEPGPTAAQR,,,,,,,,,,1
TPQPAAPSNGITMYGATQSQSDMAAATPLLQSEPSLTSD,,,,,,1
VDPSLSSATAGGSFQDTE,,,,,,,,1
MDPLGDTLR,,,,,,,,,1
LPQTSDDEKK,1
FLAAGSQAVQLTSR,,,,,,,,,,1
ATPSPNSR,1
NKDSIDLYR,,,,,,,,,,1
MTSEEVMSLMSSLR,,,,,,1
RNAFGFTALMKAAMQGRTD,,,1
KALEKMFQK,,,,,,,,,1
MMEKLGVPKTHLEMK,,,,,,,,,,1
NSLLSSSSPIDE,,,,,,,,1
LYSVTVTTK,1,,,,,,,,1,1
SELSLKEGDIIK,,,,,,,,,1
GASTLSQQTHMK,1
AKNLTIEVLMSSVK,,,,,,,,1
RLEGEDSAR,,,,,1
SFSSQKAYK,,,,,,,,,1,1
DKSSLKSDPE,,,,,,1
DPLVKKPE,,,1
ATPFIECSGAR,1
QTLENSQQEVLLNSPLQEE,,,,,,1
MAHKFITGK,,,,,,,,,,1
SPATLLAK,,,,,1
TIPEAIK,1
GAVQGGLDTSKAVLTGTK,,,,,,,,,,1
KIIPSK,1,,,,1,,,,,1
MYAQPVTNTK,,,,,,,,,,1
MDFSKAK,,1,,,,,1
SNFAEALAAHK,,,,,,,,,,1
TVGFGTR,,,,,,,,,1
GLTKIHSLPR,1,,,,,,,,1,1
KGPPNGMMPAPKEAVTGNGIGGK,,,,,,1
SQMLASGTMDAQMLASGTMDAQMLASSTQDSAMLGSK,,,,,,1
ELLTSSNGKPLK,,,,,,1
TPDGSASPVE,,,1
MNQESTTIK,,,,,1
ANSPTMDK,,,,,,,,,1
THNSK,,,,,,,,,1
DPGGSEFDSISK,,,,,1
MKKKQTVQGTFSK,1
LSSGSQSSHILVR,,,,,1,,,,1
LWSWSEER,,,1,1,1,1,1,1
GLSKAAVSEELK,,,,,1
GSYSLSVRLSRPASWDRIR,,,,,,1
TKQIRDR,1
KTEKSLTYYTNLQVK,1,1,,,1,,,,1
MSTLSITPVDTSTLVTTSTEPSSLPTTAEATSMLTSTLSE,,,,,,1
STHHLSTDLLPSAETISTGTVMPSLSEAMTSFATTGVPR,,,,1
SQTQTLESLE,,,1
TCKKDCTLDNKEK,,,,,1
KCKGK,,1,,1
DPEKRPTAAELLR,,,,,1
IITPLNK,1
EKEAVYEKK,,,,,,,,,1,1
EMLESIR,,,,,,,,,,1
NLHCSSELPQNDVLLSKENSLRGTSDHEYHR,,,,,1
SMPENSQASR,,1
LVGAAASR,,,,,1
AGLEMSLR,,,,,,,,,,1
NSEQKENK,,,,,,,,,1,1
KYDFPIPLNEASKIMKK,,,,,1
KGNSTTDNSDQ,,,,,,,1
IILPPEK,,,,,,,,,,1
MLLEKDVNPGGK,,,,,,,,,,1
QKCGHGR,1
AAGVPSATITWR,,,,,,,1
SYKTLKLLSQHSIE,,,,1
SSSPLSSTR,,,,,,1
KQLDNTTE,,1
EESGASGSDSGGSPLR,,,1
VDGGGTSAASKPKSTPAVIQGPSGKD,,,,,,,,1
TNISDEESEQATEMLVHNAQNLMQSVK,1
MLMFDPVPVKQEAMDPVSVSYPSNYMESMKPNK,,,,,,,,1
ELSGSSSAPK,1,,,,,,,,,1
MTEKTVK,1
SVKAPTVKPSE,,,,1
GTGAPSAAGSAAAPCLE,,1
HSTPQNKNAVSVHSNLNSEAVMK,1,,,,,,,,1
IIVDSSE,,1
QLKQTLQE,,,,,,1
TEVLMENFR,,,,,,,,,1
QSRSEK,,,,,1
KGWLTISNIGIMK,,,,,,,,,1
TLTPPLR,,,,,1
TPLTIGAE,,,1
MSILFTVLVTE,,,1
TLVKNNPK,,,,1
ILKSR,,,,,,,,,,1
MAGTCPEAIRAAGDR,,,,,1
VGRKQFMR,,,,,1
KPPSGK,,,,,1
QSTTLTNK,,,,,,,,,,1
VKMITSLSK,,,1
MTTQSPLNQSSMNAMGSLSVLSPDRVLPQLISTITASVQNPALRLVTR,,,,1
ALLCSVCKMTCHKK,,,,,,,,,,1
FLADSSGLLSCSEDMSIR,1
WKGPPAASPAMSPTTPVVTGATSLPTPAPYAMPEFQR,,,,1,,,1
SMEKGEK,,,,,,,,,1
VTETGFHHVSQADIEFLTSIDPTASASGSAGITGTMSQD,,,1
GAASAMDLR,,,,,1
QAKSPITETE,,,,1
SRGGLPSASRR,1
NMDFSSMTLTQIK,,,,,,1
AIEDSSKALE,,,,,,,1
EPTITDLNTR,,,1
FLSHVVSGPAAASAGSMVVD,,,,,,1
SSGLNLCTGTGSK,1
DIATGPESLER,1
TTTTSLSPELIR,,,,,1
TTKLQLSK,,,,,,,,,,1
SSFSSNR,,,,,,,,,,1
EILEGSLEPLR,,,,,,,,,,1
QTSAFLRPK,1
MMSSSWPGTSPR,,,,,,,,,1
KAEKDSK,,,,,1
ESDASKIPGKK,,,,,1
TSQHPR,,,,,,1
QGAPETLQR,,,,1
ITTDNK,,,,,,,,,1
ATQQAEQLSNELATER,,,,,1
QSSSEKNTR,,,,,,,,,1
MSGGASATGPR,,,,,,,,1
QLSKTQEDLE,,,,,,,,1
TELKMDFLR,,,,,,,,,1
ASSLDAHEETISIEK,,,,,,,,,1
FTTPIEE,,,,1
GSGGESAGGGDKVSE,,,1
SDGLNLSSMNSAGVSGSPEPPTSPR,,,,,,,1
QLEGKR,,,,,,,,1
LVLSTFSNIR,,,,,,,,,,1
SVTPMTLTILE,,,,,,,,1
STALQKTDK,,1
PSEILLK,1
IDKYTEVLK,,,,,,,,,1
KRADTVGLACEAINR,,,,,1
DGKEKPK,,,,,,,,1
KSQNGGVGEE,,,,,,,1
KAPVKSCTECVR,,,,,,,,,,1
TSTLQTVR,,,,,,,,,1
ELEGTSQASAE,,,1
LSFSPMAK,,,,,,1
VMAVNIVLQLASSFQATAR,,,,,1
RSGSSDFEAR,,,,,1
TTSSLLKIK,,,1
LQLLAKEEYK,,,,,,,,,1,1
ANSGAVKR,,,1
AQGSSR,,,,,1,,,,,1
EEPCGSLSETVCK,,,,,,,,,,1
TGGVEAVK,,,,,1
SFAESSSLTK,,,,,,,,,1,1
LKVSELK,,,,,,,,,,1
SLKSWIKETTK,1,,,,,,,,1,1
YYMSLKSEVATIDRR,,,,,1
ASLPPEGNPQMSLQSPTSIASYSQGTGSVDGGAVAAGASGR,,,,1
LSSESSSSSSTEGE,,,,1
QSKGLE,,,1
QLPPSFARQLKD,,,,1
DSNNSVSKPRHK,,,,,,,,,1
LPTLKDIR,1,,,,1,1,,,,1
DKFAKSRPIIK,,,1
TITTDIE,,,,,,1
LSSTSFMSEQSERPR,1
ASSRSTTKKR,,,,,,,1
MSSSQESLLDSR,,,,,,,,,1
YSSSCETTR,,,,,,,1
ASGPLDTSQTASSDSEDVSSSDRKMSK,,,,,,,,,,1
SSRSHTIFR,,,,,,,,,1
DPFQQPTLDNDDSYLGELRASKIPK,,,,,,,,,,1
TGGKEK,1
ESLTSFGNGPLSAGGPGKPGGGGGGSGSSSMSR,,1
MTLIPEAELR,,,,,,,,1
LMKLTQEESFSVWD,,,,,,,1
KGAEMFSKR,,,,,,,,,,1
KVNEAKR,1,,,,,,,,1
ETSHVTMVVAE,,,1
SSSGQSSK,,,,,,,,,1
LLPSR,,,,,,,,,1,1
LTREVK,,,,,,,,,,1
MSSEQSAPGASPRAPRPGTQK,,,,,,,,,,1
QLEKMR,1
LQKSEQSVAQLEEEK,,,,,1
EFMVTSENLTEGIK,,,,,,1
KEGMSNNSTTSISQAR,1
MSGSGR,,,,,,,,,1,1
MEEVTGTK,,,,,,,1
TEITTK,,,,,,1,,1
EDSVE,,,,,,,,1
GASPPTLESLPE,,,1
QSDLLVK,,,,,,,,,1
LEQVLSSMK,,,,,,,,,,1
NISSELK,,,,,,1
TEQSSQTR,,,,,,,,1
KTEVKATR,1
IQPLAIDGGSKD,,,,,,1
GPGSWSPTARPGSAGGVGDCQGVEGSQAAASE,,,,,,,1
IVSAVTSEGSD,,,,1
GAAMVTAVASR,,1
TLVQQLK,,,,,,1
KNESLK,,,,,1
LKDLSR,,1
VIAALIHFTR,1
GAGGEENK,1
TEVFVEKE,,,,1
KETLSR,,,,,,,1
KGKEVPPSFK,1
MDGMSTK,,,,1,,1
THTGEKPYICK,,,,,,,,1
YPASATSSPCPD,,,,,,1
TNGGAEPR,,,,,1
TSVSVHLMEWSPDGEYFATAGK,,,,,,,,,1
RSTSTGNKE,,,,,,,,1
TDIRDK,1
KTAAVTK,,,,,,1
SSLLLDLIK,,,,,,1
ETLPAEEK,,,,,,,,1
KLQSNPSLEGVSHVIVDEVHER,,,,,,,,,,1
KQSNGSQSRNCTK,,,,,,,,,,1
MMGLGLMAKDK,,,,,,,,,,1
TGLAYKEQNQGFLCCSGGR,,1
VKVQDTPGK,1
TLNSAANK,,,,,1
EASTGVLK,1
TSIKSHMSGSPGPGGSNTAPSTPVIGGSDKPGMEE,,,,,,,,1
WEPMSSSLMMTMTTSLK,,,,,1
ESYHKPDQQK,,,,,1
NSSVGLASPSMRGSTPLD,,,1
QKLASAPLR,,1,1,,1,1,1,1
SNSSGSTGGGDMQPSLR,,,,,,,,,,1
SEVREQINAK,,,,,1
RATVVESSEK,,,,,,,,,,1
WDKNSLTLE,,,,,,1
ISESPEVTRLSR,,,,,,,,,1
SMRNLKASLENSLR,,,,,,,,1
LTVNEMPSFLK,,,,,,,,,1
CQNSLHLSLGTSTSATPDGSHLAVDDLK,,,,1
QSTMSPDIITEVITR,,,,,,,1
SRKSPSPGR,,,,,1
DIKQEGETAICSEMTADR,1
ISPSLMDVLK,,,,1
FKEEFKPLSK,,,,,1
IMIGLTLVFFVQITGQPNILFYASTVLKSVGFQSNEAASLASTGVGVVK,,,,,,,1
LTQYMDGSGMPKTMQSEETR,,,,,1
EMPTSGSK,,,,,1
GLAENKSTLGPEEVRK,,,,,,,,,1
TPPPQPPLISSMDSISQK,,,1
LPAASPWPPCSGPSRTSRSSRLATTTSMR,,,,,,,,1
KMVDMLQDSFPAR,,,,,,1
ENLETFE,,,,,,1
YPSTDSAEQIK,,,,,1
SSASSLAEPE,,,,1
TGSGDIENYNDATQVR,,,,,1
DQLVKRLEDLVKK,,,,,1
TPPGRSR,,,,,,,,,,1
TWRLNERHYGGLTGLNK,,,,,,,,,1
MKVLDGLNR,,,,,,1
AKMDMCCAASPSQVAMASFSSAGPPADPSKSK,,,,1,,1
SSTSPNLQK,,,,,,1
SSKLIMELTGGGQESSGLNLGK,1,,,,,,,,1,1
KDSKESSVVK,,,,,1
IGSGFLSGGGGTGSSGGSGSGGGGSGGGGGGGSSGR,,,,,,,,,1
SSGSIGR,,,1,,,1
ILAGPAGDSNVVK,,,,,1
YERSSGR,,,,,,,,,,1
SSKGEPDPLE,,,,1
DVVILVDVSGSMK,,,,,,,,,1
AGSSHSCK,1
VGISKK,,,,,,,,,,1
ESKSVR,,,,,,,,,,1
QLVRGTEK,,,,,1,1
SLGMDPQSRSLKNAGSR,,,1
ESAQKNTFVSY,,,,1
SMSMFRSLEVTK,1
ELGFRSGAPMIK,,,,,,,1
LASSMR,,,,,,,,,,1
TGNFK,,,,,,,,,1
MSLIILTRDDEPR,1
KETDAAEKLR,,,,,1
TLELEVSPDPASQILE,,,,1,,1
QDSQNEGSTDE,,,,1
QEEKEK,1
EVKSSK,,,,,,,,,,1
QLTVLK,,,,1
ELCIQKAPGERLGISIRGGAR,,,,,1
QKKAQ,,,,,,,,,,1
QETVVR,,,,,,,,,1
RILSQSTDSLNMR,,,,,,,,,1
TLHLEEVVQE,,,1
GTVMVGKPSSHSQYTSSGSVSSSGSK,,,,,,,,,,1
QAMGELSELSFHYLIMAKGVIVR,,,,,,,,1
AVKEANAYEFIMK,,,,,,,,,,1
NLIDPTEPSNSEYSHSKDSRPMAHPD,,,,,,,,1
KSEVDK,,,,,,,,,1,1
EAEKLLTEK,,,,,1
KTGTCYGTQAGLE,,,,,,1
SHTEVVISRQR,,1
MRGVLSQAMVMCASSPEK,,,,,1
FLLSGAMAGAVSR,,,,,,,,,1
YGINTTDIFQTVDLWEGK,1,,,,1
KDFIDMR,,,,,,,,,1
ETDSSSASAATPSKK,,,,,,,,,,1
ESSPKSQDSVSSPSPQKQK,,,,,,,,,,1
LSSNSTK,,,,,,,,,,1
TSATTSR,,,,,1
IVGQNSGTSMKDLLK,,,,,,1
NGSSNTGAK,1
TTKTGTK,,,,,,,,,,1
DELKTSSAVSTPSKVK,1
FTRYE,,,1
QSSKR,1
IIKEAMAK,,,,,1
SSELDASDSSSSSNLSLAK,1
QSTEQAIQLLE,,,,,,1
KNAALAPTSWHQR,,,,,,,,1
AFVLSLLTLD,,,,,,,1
GNMALAGTASMAPNSTKVAVAGAAGKSSEHVSSASMSLSR,,,,,,,,,,1
DSDRNSSEEGTAEKSKK,1
AEMTMTANKNSSITHGAGGTKAPR,1
GSPVLTDSMGRVRILSGGR,,,,,1
KATDNEPSQFSEPR,,,,,,,,1
GEKEGVK,1
SSSSDLMTR,,,,,1
LPGSSDSR,,,,,,,,,,1
ATAASSEIK,,,,,,,,1
VITVSSGGMLVQKLNTNDLQSER,,,,,,,,1
STAALTSQTGSSSGPVTVTPSAPGTTTCQPRCQWTE,,,,,,1
ADSLLAVVK,1,,,,1,,,,1,1
SRPLPNMPK,,,,,,,,,,1
TTSLAASAASTETLTPTPER,,,,,,,,,,1
AAALSGGLLSDPE,,1,1
QITASSFKK,,,,,,,,,1
TEINNLLK,,,,,,,,1
QQSLFSSPR,,,,,,,,1
AEMRAKR,,,1,1
TENEGR,,,,,1
TIPSEK,1
LNRSK,1
TSEFENFKTKMVITSK,,,,,,,,,1
YVGQFLASMR,,,,,,,,,1,1
KKGDGGGAGGGGGGGGSGGGGSGGGGGGGSSRPPAPQE,,,,,,,1
KGSQYSFQVSAMTVNGTGPPSNWYTAETPEND,,1
AEPSPSPR,,,,,,,,,1
LSSGTLRSASSPR,1
TEPVSGGSPSQAE,,,1
RTDSRPQPLDK,,,,,,1
MDKPAHMK,,,,,,,1
TQPTSLPK,,,,,,,,,,1
KQLTDNLK,,1,,,1
ETTEVTSASSAME,,,,,,1
ILPSQSGPAQDSLLGSSGSSGPEPK,,,,,,,1
KVSKLAVSAQSEPAR,,,,,,,,,1
LLSHCLLVTLAAHLPAEFTPAVHASLDK,1
LSQPDLVYK,,,,,,,,1
WNSVSPASAGK,,,,,,1
CLEAVILGITHS,,,,,1,,,,,1
SSHLTSHRR,,,,,,,1
EVTIIIE,,,,1
SMSELVVSE,,,,,,1
MEGPGGSGFHLRLE,,,,,,1
RMGSGIER,,,,,,1
TSLLTLEDVK,,,,,,,,,1
EIPDPSSINTKTMELLINAIAINSAYTTK,1
ILTTR,,,,,,,,,1
KKEPPRASPPGGLAEPPGSAGPQAGPTVVPGSATPME,,,,,,1
ESAAQSKPK,1
NSLLALGSNKNPR,,,,,,,,1
IFGPMISNPLPATVMPPAQGTPSAPAAATLSTVTSGDLD,,,,,,1
KMATAEK,,,,,,,,,1
VTKGETLR,,,,,,,,,,1
LLEASKAGDLE,,1
DLYTNTVLSGGTTMYPGMAHRMQKEIAALAPSMMK,,,,,,,,,,1
TEPNSQEDKNDGGKSR,,,,,,,,,1
LSKNK,,,,,,,,,1
AKKGAQK,,,,,,1
QVASFQEEKSK,,,,,,,,1
QTVATMTSE,,,,,,,,1
SSAARNGLLTE,,,,,,1
AAEQLPYLK,,,,,,,,,1
NGSPGSSGPK,,,,,,,,,1,1
VNSQEIHMLPIK,,,,,,,,,,1
NTAIR,,,,,,1
SCDNISDTGIMHLAMGSLRLSGLD,,,1
SSSDQMTTGTNE,,1
ITQVSMASLK,1,,,,1,,,,1,1
KESVSPEDSEK,,,,,,,,,,1
TSSSAMDMQISQIKVTIQE,,,,,,,,1
SSQCSRGLER,,,,,,,,,1
SGTSKESLGHGGLPGLGKTCLTTMD,,,,,,1
TSQVQGELGDDLRMGEK,,,,,1
TQPPLMKR,1
QSAAGTKR,,1,,,1,1,,,1
ETASGAR,,,,,,,1
KSEEPPGTE,,,,,,,1
TLTSPNNK,,,,,,1
QETKVPKK,,,,1,,,,1
KVQFLDR,1
TSALSAK,,,,,,,,1
ARSMALPTQAQVVVCGGGITGTSVAHHQSKMGWK,,,,,,1
TEVVSSSAK,,,,,1
FLELTDLK,,,,,,,1
MASALNSKINPPGTCQGSKADGGAGWRMDCDPQMHVK,,,,,1
GRNSRSVSSGSNRTSEASSSSSSSSSSSR,1
SGHVKAFAHITGGGLLENIPR,,,,,1
LLSSGFEIDTPDK,,,,,,1
ALTNKK,1
TISRDNK,,,,,,,,,1
QNMSTR,,,,,1
LLPGGK,,,,,,,,,1,1
LLIESLEK,,,,,,,,,1
LSSTR,,,1,,,,,1
AATIISSAKATGGR,,,,,,,,1
SASSSGGSPR,,,,,1
DEVTMKEMGR,1
SSTEGSESSIMGNSID,,1
LLSPR,,,,,1
MAAPDLSTNLQE,,,,,,1
QAWATQK,,,,,,,,,,1
TTRNDFMGSLSFGVSELMKMPASGWYK,,,,,,,,,1
STLINSLFLTD,,1
IFSPFADLSELSATGR,,,,,,,,,,1
DMGTVVLGKLESGSIFKGQQLVMMPNK,,,,,1
SAVSPSTFNTSIPTNAVSVVSSVDSAQASDMGGE,,,,1
NILGAPGNKR,1
LKQQSR,,,,,,,,,,1
GSDVKTMLSKLK,,,,,,1
TGMGSGSAGK,,,,,,1,1
KTGAAPAK,,,,,,,,,,1
THMEETKHTSLLPDR,1,,,,1,,,,1,1
THTARA,,,,,1
TVISSGGEER,1,,,,,,,,1
TLLLNCLK,,,,,1,,,,1
MTPPIK,,,,,,,,,1
LGTSAGTGSR,,,,,,,,,,1
IHELKQAKVSTVMDTVGR,1
VATITPVRAGLSLSE,,,,,,,,1
TPLATPPNTPPPESSSSNGEKTPPFSGVE,,,,1
AWLQMKEGKQEQQSQK,1
ECILSGIMSVNGKKVLHMD,,1
MNMVLKGFPE,,,,,,,,1
TWCMLK,,,,,1
GQFLDTVLAAMCPIAMLLTADPGMPPTCLWHTPHAKHKE,,,,,,,1
QASSQLSR,,,,,1
FQRRCNTLISLIEK,,,,,,1
KPIPTLAR,,,,,1
GAESVTEEK,,1
IVVLSGDNSK,,,,,,1
SSKSVSIQE,,,,,,1
FRQSSPDSVK,,,,,,1
TTSPEPQK,,,,,1
DTAQVTSLIPATFTAASRDAGMR,,,1
GAAASPPR,,1
EREMDSSASSLR,,,,,,,,,,1
IPSTLANLK,,,,,,,,,,1
LPEPSISK,,,1,,,,1,1
AGSGAPGGTSK,1,,,,,,,,1
EKGDKNTK,,,,,,,,,1
LSDGFNGADLR,,,,,,,,,,1
VLSKANSEVAQWR,,,,1
AGTADGRGR,,,,,,,,1
KVEPSDPVAR,1
KSATSNK,,,1
NSVSQMLR,,,,,,,,,,1
VSDHKMALMSVLGTAVMNNMESFQYHSE,,,1
QQKAENELK,,,,,1
KKQNE,,,1
KIEKEKSER,,,,,,,,,1
EETPPR,,1,,,,,,1
MSATFIGNSTAIQELFK,,,,,1,,,,,1
QMSIISLASMNSDCSTPSKPTSESFDLE,,,,,,,1
ETVELK,,,,,1
TDYMVGSYSIKSR,,1,,,1
GAPRTSLFENDKDAGMENESVKSVR,,,,,,,,,,1
TVSFSSMPSEK,,,,,1
KLLAVSASK,,1,,1,1,,1,1
MGVTVQSQGPGGK,,,,,1
RDKEKQSCK,,,,,,,,,1
DGLGISIIGMGVGADAGLEK,,,,1
ILPNK,,,,,,,,,1,1
NYMPLAFSDK,,,,,,,,,1
YDGTDR,,,,,1
EGLWSHVDQLNR,,,,,1
KSSSQPSPSGPK,1
DVVDEVSVSLR,,,,,,,,,1
ADRTAPR,,,,,,,,,1
SSSLKGEKTK,,,,,,,,,,1
TSEDPSK,,,,,,,,,,1
MAEPWGNELASAAAR,1
VMKVMGSGPK,,,1,,,,,,1
MEKEKR,1
KMVESR,1
LPPGLTK,1,,,,,,,,1
AEFAERSVAKLEKTIDDLEETLASAK,,,,,,,,,,1
LSTSR,1,,,,,,,1
FLGSMAVK,,,,1
ASEKPPER,1
LSSIVE,,,1
TPVTGVSPK,1
FLAEKDHTTLLSE,,,,,,,,1
IPMETFR,1,,,,,,,,,1
TNNLSKK,,,,,,,,,,1
SSGEQAGR,,,,,,,,,1
DFDETPVIIASCLR,,,,,,,,,,1
DIAQNILSFLK,,,,,,,,,1
ISIPLDSNLRPQK,1,,,,1,1
MDAGVTESGLNVTLTIR,,,,,,,1
QSSVDSR,,,,,1,,,,1
VFSFKMVSYMDATAGSAYTDMNVVD,,,,,,1
ALASAAPSQSIFFSPVSISMSLAMLSLGAGSSTKMQ,1
LPTAASASK,,,,,,,,,1
NRSPGPGSGGE,,1
DSGSSGKSR,,,,,1
SSSFVR,,,,,,,,,1
NIDIASIDMVSEVNMD,,1,,1
KSAGAAK,,,,,,,,,1
TAGRR,,,,,,,,1
YLAHSAHPVDTDECQE,,,,1
SSLAFSNEE,,,1
KDISQNK,,,1,,,1,1
ELWPAGTGSEPVTRVGSCDSMMSSTSTR,,,,,,,,,,1
KLKGGSSR,1
LSTSAPDEPLLSPVSPGFEQKSPSE,,,1
FTVSITEGVTE,,,1
QTGELLAMFE,,,,,,1
MTMAGGRRGLVAPQNTFLENIVR,,,,,,,1
GGSLMSGSSAAK,,,,,,,1
NTPLSQVK,,,,,,,,,,1
MTLNGGGSGAGGSR,,,,,,,,,,1
FSHEEIAMATVTALR,,,,,,,,,,1
ICGDKER,,,,,1
WTKEYTLQTR,,,,,1
TSVGSAK,,,,,,1
VFPSLDE,,,,,,1
IPVAGGDK,,,,,,,,,,1
QAASIKVAVSADR,,,,,,,,,1,1
ILTPK,,,,,,,,,1
LWVLERSVDFGSTYSPWQYFAHSK,,,1
QLTDNLK,,,,,1
QTPSGK,,,,,,,,,1
YGSSYLGVIE,,,,1
FGVFLSEVSE,,,,,,1
KSLTTITE,,,,,,,,1
SSDACSTLPK,,,,,,,1
SEDQWNR,1
TMEARTME,,,,,,1
SSPGTQDLLGIQTGMMAPENK,1
QQDVEESSKGLPMK,,,,,,,,,1
AVAVTLQSH,1
MLETGPEAE,,,,,,,,1
NRFSLK,1
SSERSSSTSAESHIQPVQKK,,,,,,,,,,1
KSMSEDGGLQE,,,,,,1
FKISEE,,,1
FEEKKTNEK,,,,,,,,,1
KVMPITKSSR,,,,,,,,,,1
SLSLKASSR,1
LRPLSYPDTDVILMCFSIDSPDSLENIPEK,,,,,1
FTLTISRLQSE,,,,,,1
ADTNGIIK,1
VLKELQKSFETER,1
GPSQSTPSLISSAAPTMIKME,,1
ISVGGLPVLASMTKAADPR,,,,,,,,,,1
VDFGSSER,,,,,,,,,1
MQPLPPPQTNHEEPSRSRNHKTAK,,,,,1
KSLLQPK,,,,,,,1
EKSDVKK,,,,,,,,,1
LTAELLR,,,,,,,,,1
KANTSSSSSNSSK,1
SVDIINMLLNFEIK,,,,,,,,,1
ATDTLDSTGRVTEEKPYDK,,,,,,,,,,1
TGDDKGESNDGK,1
LTPSLEQK,1
AHTPQSPHKHLGTQGAVTDK,,,,,,,,,,1
LFSSSASSNEVKYEKSAELSGEFPK,,,,,1
NTLSGLR,,,,,1
NSSNFIER,,,,,1
FQETAGAMLASQE,,,1,,,,,1
SPFVMGTGSWLRTASSGSG,,,,,,,,,1
SAVPDLSSDLGMNIFK,,,,,1
SVYIDAR,,,,,,,,,,1
LVSPANQE,,,,,,,,1
RSNTSITLSWAGPDTQE,,,,,,,1,1
MVPILTRMSQLIEKE,,,,1
AGPGGAPSAWADPGEGGPSPMLLPEGLSSQALSTEAPLPATLEPR,,,,,,,,1
SRPLSDQEK,,,,,,1
RSQALPK,,,,,,,,1
LSEESAR,,,,,,,,,,1
IALTNK,,,,,,1
ALLGRVAVSADPNVPNVVVTGLTLVCSSAPGPLELDLTGD,,,,1
FFSPVPGSTSSATNVTMVVSAGPWSSEK,,,,,,1
LETKRLERIQGMTK,,,,,,,,,,1
ITTKIE,,,,,,1
DKGLINK,,,,,,,,,1,1
AVLAEASSR,,,,,,1
NSVTAK,,,,,,,,,1
INLTWHK,,,,,,,,,,1
EALEPSGSR,,,,,,,1
VAEVPQPPGK,,,,,,,,,,1
KGGYSVNGGSGE,,1
TQRSLR,,,,,,1
GLGSQASTVTEIVK,,,,,,,,,1
TSFSTSDVSK,1,,,,1,,,,1
ATSPEAGGGGGALKASSAPAAAAGLLREAGSGGRER,,,,,1
GSFLSNKWK,,,,,1
LMVSGHSGGSSLPPTGPPSTPASHAKDYTVENLIR,,,,,,,,1
LLEKMLVLDSD,,,1
ASKASPSVSTAGQPNWNLDEQLK,,,,,,,1
QMAELEEKILAGDSSSVDEKAR,,,,,1
GHKGHQCLSPPLPSWDSDSDCDQDLSQPPFSKSGR,1
LTCNIPLEK,,1
TSIDGILAD,,,,,,1
EAKLYTINK,,,,,,,1
MAKIQKAVEYFQDNSPDSPELNKVK,,,,,,,,,1
SSLCTSALR,,1
GAEEMETVIPVDVMR,,,,,1
IWTHPWCLQLDYISKENKGYFDEDSMDEFIASDSDETSMSLSSDDYTKK,,,,,,,,,,1
RSLATGQPATSRLPK,,,,,,1
LAGKRHR,,,,,,,,,,1
DIMATLGFGDSPKAE,,,,,,1
QRADSEQPSK,,,,1
KSVTPKNSYATTAENK,,,,,,,,,1
EATEKMVSMKPPGFQASLAR,,1
TELPGGDK,,,,,,,,1
VVSLCGDVGEGAPDVLSRR,1
EGQLTPMPR,,,,,1
MEPLKGTTPLMQK,,,,,,,,1
KLPTLR,,,,,,,1
AKESGISLK,,,,,1
SLAVSPR,,,,,,,,1
NTVLLGLGFQMLQLAWYGFGSQAWMMWAAGTVAAMSSITFPAISALVSR,,,,1
SEAKGTVSKVTGK,,,,,1
SRGQTSAANGLRAE,,,1
MSSLKGKSR,,,,,1,1,,1
GTSSTTTTGKK,1
SNSSQLLLR,,,1
KETMQSLNDR,,1
VASLVSWDR,1
TPKSSRSNGVTPGTQSSPAPSTRTVTSVISR,,,,1
GSSLHVGSDLLKFMEPVTMQESGTFAFRTPKLSHDANETLPLHLYVK,,,,,,,,,1
QTATQLLKLAHK,,,,,,,,,,1
KTSSQLSR,,,,,,,,1
TEHTDGKNISME,,,,,,1
GTFNVTSCLKLNSSQEDPGTVYQCVVR,,,,1,,,,1
TELSPEMISSGSWR,,1
KTITTTEIMNKPEETAKPK,,,,,,,,,,1
TEPIIVR,,,,,,,,,,1
IYKEAEE,,,,,,1
KSDPK,,,,,,,,,1
FAQLQKYMEYSTK,,,1
TGTYIVIDSMLQQIK,,,,,,,,,1
SSGGETETTGQSAVKSGTTESFTR,,,,,1,,,,1,1
LSSTQNAGGSYQRVRGALDTQK,,,,,,,,,,1
TDSLKGR,1
ASKSSK,,,,,,,,,1
LNEFKELGK,,,,,,,,,1
CWTLTEAEK,,,,,,,,,1
EVDGMGTSEIK,,1
QNSSSAQGSSSNSGGGSGIPQPPPGMSFYAAK,,,,,1
MPAVQLDTQHMGTDVVIVK,,1
TCKVQTKQYKALK,,1,,,,,,1
GDSTLQVSSGLNENLTVNGGGWNEK,,,,1
HRLNSTGMYVANTKPGGFTIEISNNNSTMVMTGMR,,,,1
SRSRSRR,,,,,,,,1
KTLDKELLK,,,,,1
SSSSSDLINTSIASSTMDVTKTASISPTSISGMTASSSPSLFSSD,,1,1
SPTGSTTSR,,,,,1
LQSGTEQTSSKALTVPFPEK,,,,1,,1
TAPGLR,1
AMGMSSEAKLTVLE,,,,,,1
TLHVPSNTQK,1,,,,,,,,,1
TLSLNPR,,,,,,,,,,1
MKMPKFSVPGFK,,,,,1
MAELLASAGSACSWDFPR,1
ELPSAVSR,1,,,,,,,,1
VGSGSSVGTGQDLDSGSMPGGR,1
TQGSETAGPPK,1
SSSMASLRSPSTSIKSGLKR,,,,1
TFVMR,1,,,,1,1,,,1,1
SSTLSQLPGDKSK,,,,,,,,,,1
KSMVQHYYRNVHAVVFVYDMTNMASFHSLPSWIE,,,1
TSSTLE,,,1
MPEPTK,,1
TSWTPPR,,,,,,,,,1
NTALQKNVAALQE,,,,1,,1,1,1
TVPDGKLVK,1,,,1,1,,,,1
QLTAENSPVTPVGAQK,,,1
VGQSEIR,,,,,1
TNATKEK,,,,,,,,,1
KLAKWVAIQSVSAWPEK,,,,,,1
MKSNLK,,1,1,1,,,1,1
LGSDKR,,,,,,,1
TPPSCTR,,,,,,,,,1
VVSALNK,,,,,,1
IKSLSAEK,,1
SRGMSTPLMRASGPGTMSTPQTAFGVMSTPEIK,,,,,,1
FLIEMADTVQEK,,,,,1
KTLSNLEK,,,,,1
AKAIFTGHSAVVE,,,,,,1
GSINSVR,,1
KKSLR,,,,,,,,1
QAIHSR,,,1
IGFGAFVDKPVSPYMYISPPEALENPCYDMK,,,,,1,,,,1,1
MESARK,,,,,,1
VSCPLPPVTSPLKPNTPPSASVIPDVPYNSMGSFKK,,,,,,1
IETSAEK,,,,,,,,,,1
TGMIESNR,,,,,,,,,1,1
NFSLLIARPE,,,,,,,,1
WSTSLMQTLGNHSRGEQDSSLDMK,,,,,,,,,,1
VSSVPK,,,,,,1
GQMTHLAAAPGTQVSREAVALVKPVTSAPRPSMAPTSALPSR,,,,,,1
AGQHPPSARSASQGARPLSTGK,,,,1
VLTHLKE,,1,,,,1
KGKMDVTNSAEK,,,,,,,,,1
EKASATR,1,,,,,,,,,1
ISRGQTPKAVDVLAK,,,,,,1
RTLDRCQGNLETLQK,,,,,1
LMTSLVR,,,,,,1
NKKRNTETEQR,1
SQVDAQLLTVQK,,,,,,,,,1
NVSVDSTHPTK,,,,,,,1
EKHVKE,,,,,,1
SMINTTGAVDSGSSSSSSSSSFVNGATSKNLPAVQTVAPMPE,,1
VLNGASQADSGR,1
CPEALFQPSFLGMESCGIHETTFNSIMKCDVDIR,1,,,,1,,,,1,1
TGSSSEESTK,,,,,,,,,1
EQMEVVNMSLSTSADSLTTPR,,,,,1
ILSRGSQTK,1
QTNKQTK,,,,,,,,,,1
KLAGTNSSSLK,,,,,,,,,1
FSKLPKILDE,,,,,,1
LGDFVILLNAGMSTR,,,,1,,1
ETGSSFK,,1
AKTALEAHIR,,,,,,,,,1
TSIKSHMSGSPGPGGSNTAPSTPVIGGSDKPGME,,,,1
AVVVLTGGR,,,,,,,,,,1
EGGFIVRDSSK,,,,,1
AAGPAPGHEDCNGRMPSIAK,,,,,1
KSTDSVPISK,1,,,,,1,,1
MPEHKIQSSGGPLQVMGASLPE,,,,,,1
KASPLLPANHVTMAK,,,,1
GYSISAGSDADTENEAVMSPEHAMRLWGR,,,,,,,,,,1
LSCTDTSAYETAMYVCCIMMLLIPFSVISGSYTR,,,,1
MSFSLTFTE,,,,,,1
MGPPPSPASTCSDASSIASSASMPYK,,1
KSSLPPTSPMEK,,,,,,,,,1
FLTADTIK,,,,,,,,,,1
TDGGESSKE,,,,,,1
IDGTGREILAANR,,,,,1
QSGDGSRHSGSR,,,,,1
EITGTLR,,,,,,,,1
TPALVK,,,,,,,,,1
SQEGQGSILETITLIQDCK,,,,,1,,,,1
LAMENNIKLSEVVGSGK,,,,,,,,,1
MSSKKLKIGER,,,,,,,,,,1
LCSPQCAEVRGFSDKDKK,,,,,,,,,1
TILASQK,1,,,,,,,,1,1
WRSKGAVTKVK,,,1
TGSDSK,,,,,,,,,,1
GALQYSPEK,,,,,1
SSKLQSHMR,1
QEKSQGSETSKNK,1
LAQSLRGTSK,,,,,,1
TTISGLTPE,,,,,,,1
GEASNGLKTK,,,,,,,,,,1
MNSSLL,,,,,,1
RLLDTLR,,,,,,1
ILQETK,,,,,,,,,,1
QMSNADSSQE,,,,1
TMRSAVFK,,,,,,,,,1
LFLPLSR,,,,,,,,,,1
LAAGSVSDCGLNVHK,,,,,,,,,1
MYFQTMTEAEYQTSIQE,,,,,,1
KVTHTQK,,,,,,,1
SSPALFSSR,,,,,,,,,,1
LQNLSLEGLR,,,,,,,,,1
MNSEISHR,,,,,,1
QPSSPGPTPRNFSEAKHMSLK,1
SGSKDPGMTGSSGDIFE,,,,,,,1,1
MPKIVDPLAR,,,,,,,,,1
AARGEEKDK,,,,,,,,,,1
KGTTADTSELEALKR,,,,,,,,,,1
KGSHTDLESINE,,,,1
TLHLR,1,,,,,,,,,1
ALVEKCSRITSLVFTGAPHISDCTFR,,,,,,,,,,1
KLFKANPSLDTWK,,,,,1
TEEAGSSMSTLE,,1
TFIIEETVR,1
DDEEMNTWIQAISSAISSDKHEVSASTQSTPASSR,,,,,,,,,,1
TAGLEEK,1,,,,,,,,1
LEMKNPK,,,1
TCNCER,,,,,,1
SFIKTSATGGLGSIKAE,,,,,,1
YSRLPVAPR,,,,,,,1
MNTFQDQSGSSSNR,,,,,,1
KSSGGVK,,,,,,,,,,1
SLSLIANLSGCTAR,1
SYTISPNSHFHIK,1
EAMAGKGR,1
MASTTSTK,1
EIPSALNLFSGSSDSVVHYNQMATENVMD,,,,,,1
RTDAYSR,,,,,,,,1
EMCDVEQVLSK,,,1
KAAAEAAVPR,,,1
SHSLGDTAEPGPMEE,,,,,,,,1
NTKAPGK,,,,,,,,1
MNSDQKAVK,1,1,,,,,,,,1
SKDSGIQTMTASGSSAMSPE,,,1,,,,1
RTSSGGGGGTGKTLSME,,,,,,1
HSEFSSTIATE,,,,,,,1
KTEVQAHSPSR,,,,,,,,,,1
ATSSTIFMFCGCVE,,,1,1,,1,1,1
MASVSSATFSGHGAR,,,,,,,,,,1
FTLSASTTE,,,,1
MVMVSKDLFGTGKLIR,,,,,,,,,1
VQGRPGEATGMNSALGQSVSSGGSGNPNSNSTSTSTSAATAGAGSCGKSK,,,,1
HTLLAATK,,,,,,,,,,1
TEQLVDTR,,,,,1
MQRNGISK,,,,,1,,,,1
SGKQYSIEAALR,1,,1,,,1
NYMVKNLKRFR,1,,,,,,,,1
FRSSSSVGSPTR,,,,,,1
LKCASLQK,1,1,1,,1,1
LEMPKILER,,,,,1
LEKSK,,,,,,1,,,,1
TPDAPLGPCSNDSR,,,,,1
QNSSVEVGISSQE,,,,,,1
TLKSLTSHDPMK,,,,,1
TLINPDIK,,,,,,,,,1
GAKGEPGSNGDQGPK,,,,,,,,,1
VSASMLFR,,,,,,1
SHMSGSPGPGGSNTAPSTPVIGGSDKPGMEEK,,,1,,,,,,,1
RTEISKNSEK,1
AGKAPLK,,,,,,,,1
QSMVNSLPTFPTDIKNTSVTNVPNMSQMQTSVGIVPTQAIATGPTADPEK,,,,,,,,1
NNTAASPMSTATSSSGRSTGKSISFATELQSMMYSLGD,,,,,,1
TAFVNVR,1,,,,1,,,,1,1
TDLAAVPASR,,,,,,1
IVLIGNAGVGK,1
MAHFSSEDQAMLQAMLR,1
TFQVRRPAGTILLSRQCATNQYLR,,,,,,,,,1
KEHKMEESHLENAQK,1
TTTTLATSTAR,,,,,,1
ASRSK,1
TGEIKMASR,,,,,1
RSLMSGLEQMEELR,,,,,,,,,,1
SQNSSISSTTGKSQR,,,,,1
TPSIRHAR,1
AVSDR,1
VTDINDSAPK,,1
ALSNQK,,,,,,,,1
SAPSSPAPR,1,,,,,,,,1
LTQLYYLLAK,1
TAGLVKASGRK,1
WDKNSLTLEAVKR,1,,,,,,,,1
KSEKE,,,,,,1,1
KVMISSNAEDAFLIK,,,,,,1
ANYSMAEK,,,1
DPMGSQNR,,,,,,,,,1
APEMVNLYSGKIITTK,,,,,,,,,,1
TDLFPK,,,,,,,,,,1
RDLGVTRLLDPE,,,1
IAESTLPGR,,1
TYGDSGKTK,,,,1,,1
SLQEKAIEASR,,,,,,1
MEKWDGNEGTSAFHMPEWMIQFADQK,1
TNPEDIYPSNPTDDDVSSGSSSERSSTSGALMSTSATATETATK,,,,,1
KGYSSRR,,,,,,,,,,1
SSDKQRPLQVPVSVAMMTPQVITPQQMQQILQQQVLSPQQLQALLQQQQAVMLQQDFLD,,,,,,1
HQVTHTGEKPYECK,,,,,,,,,,1
LQQEPDGAGAKSPTCQK,,,,,1
SGEEGSCLDMIFRNNKNRK,,,,,,,,,,1
KGEVIGLLGHNGAGKSTTIKMITGDTKPTAGQVILK,,,,,1
AEVSELK,1
VQVAEKNKE,,,,1
QGTKVADSSKGPDEAKIK,,,,,1
TFVSYWK,,,,,,,,,1
TTGSSARSGTSIPSVGETGTTR,,,1
MQMGKR,,,,1
AKSLSSSRE,,,,,,,,1
NSMINKSSFSVE,,,,,,1
GRKGIEANSPPK,,,,,,,,,,1
ALSSTK,,,,,1
TSDPFETMLK,,,,,,,,,,1
QDSKLK,,,,,1
MLSVASR,,,,,1
AGSGLR,,,,,,,,,1
MPSLSPTMEEGNIVK,,,,,,,,,,1
GATDLPK,,,,,,,,,,1
SFPSSPSKGGSCPSR,,,,,,,,,,1
QNGSGMETK,,,,,,,,,1
GAQSRSLTLR,1
HTAGAGLK,,,,,,,,,1
KSLPK,,,,,,,,,,1
LGSPSGKTGTCR,,,,,,,,,1
SSSVSSQEE,,,,,,1
KVMDMIR,1,,1,,,,,,1,1
TVGVK,,,1
MMPSRTNLATGIPSSK,1,,,,,,,,1
TRLVSGYSLTPLE,,1
KEMTALRR,,,,1
TLQTEQEANTEGQKK,1
SYVLER,,,,,,,,,1
GAGGSSSSPPEK,,,,,,,,,,1
MKLISNGGDSAVEMDRRNVSEFK,,,,,,,,,1
MAEEMESSLEASFSSSGAVSGASGFLPPARSR,1
FKTEADAE,,,1
GVTHALR,,,,1
TTLSPVEPTE,,,1,,,1
KISNEVLK,,,1
AAGGEKTGFVTAQSFIAMWR,,,,,,,,,1
TLLSR,,,,,,,1
TGMAEKKLADCEK,1
TQDLPK,,,,,1
LSNSNSKDGNMQTAKPSAMKVGEK,,,,,,,,,1
EVTPSDDE,,,,,,,,1
VFTGPSEIE,,1
QMAYVSGLSFGIISGVFSVINILAD,,,,,,1
FGGRSEDPR,,1
ANILVTE,,,,,,,,1
TLYTLVTKR,1
SATPAAYSGSPKISSSPNLTSPATK,,,1
TASCQSHSSNAESSSSNLFSSSSSQKPD,,,1
TSLITR,,,,,,1
QNSVSVPPK,,,,,,,,,1
LLGTGPTAGR,1
ESSNSNSSR,,,,,,,1
EGKGEIR,,,,,,,,,,1
LNVTVVTSLCR,,1
AASSSSSSSSSATTTTPETSTSPKFHTTTYSTER,,,,,,,,1
FMTECTTIE,,,,1
TPLLQR,,,,1
FAYEYVLLDFTLQASSNPEVIK,,,,,,,,1
DKETKNAANASASK,1
KSIMK,,,,,1
STHTGSSCIGTDPNR,,,,,,,,,1
FIQSAAPK,1
TDGGYIEE,,,,,,1
ISMQDVDLSLGSPK,,,,,1
QPLGITQMPKAEVNLGGLSSLVVNTPITSVSLSHSSSESSK,,,,,,1
TSRRNAE,,,,,,,,1
AFPDTPPGMTTSVFPVAGACHSVK,,,1
KAPEKLR,,,,,,1
LLDGMSK,1
SKAPASSSSNPE,,,,,,,1
MSSFVVVMGFLVEMTSR,,,,,,1
MATGGGAEEER,,,,,1
EKMLKVK,,1,,,,1,,1
IKMSEAKSQE,,,,1
TMYLK,,,1
SVCPGGSSPGSSSGGGRGR,,,,,,,,,1
TEPSGR,,,,,,,,,1
LIDKLDSLMSEGKGDETYR,,,,,,,,,,1
NPGHPYIMTVGCVAGD,,,1
KILETPQK,,,,1
QIWNSPAISVK,,,,,,1
FSTGQPSVR,,1
AFNHSCSLTR,,,,,,1
LTLSTLR,,,1
FPTSDNK,,,,,,,,,,1
INGTPVR,,,,,,1
TPSQAEPASHKGPK,,,,,,,,,1
FELLDQSE,,,,,,1
EDLVSPGGK,,,,1
GADLGWGETAQAQFPG,,,,,,,,1
QGLQGAQMGQPWCFFPPSYPSYKLE,,,,,,,,1
LTSTPGNQISSQPQGETK,,,,,,,,,1
DKENSSMVTE,,,1
GATGPGGPK,1
TNTMVPR,,,1
KDGPMQITVKD,,,,,,1
MSPCPPQQSR,,,1
KAVTDAIMSR,,1
GTSLVCMKSSSSVVELVMLLCSQE,,1,1,,,,1,1
WSSNDLMDK,,,,,,,1
AGATSEGVLANFFNSLLSKKTGSPGGPGVSGGSPAGGAGGGSSGLPPSTK,,,,,,,,,,1
KSEIK,1
KPVMLKIGTSPVK,,,,,,1
KVEMLFEETMGIDTMLRSLK,,,,,1
KQTPSAGK,1,,,,,,,,,1
VQGAVTPLLASMISFIDRDGNLE,,,,,,1
SSPSGKGHSR,,,,,,,,1
KLKAEMDEQ,,,,,1
WGPQAGGTQLTIR,1
LTTGATETSRTEVASSR,,1
TMDNMTSSAQIIQR,1
TAASGAAGDK,,,,,,,,,1,1
EPPVPVSVLHR,,,1,,,,,1
LLSGKNPNTVIVPTSSSGQHRQRPALGGAGTLEGVE,,,,,,,,1
LKDSNAR,,,,,,,,,1
NSSTKSKDLGTVE,,,,,,1
KSVTPKNSYATTENK,1,,,,,1,,,1,1
NNKGPMEAATLFLK,1
NSTIENTR,,,,,,,,,1
AGLSAAMSAK,,,,,,,,,1
TSAAGSSEQPRAGSSTPGD,,1
KSLNK,1,,,,,,,,1,1
KGQGSGGSR,1
DSLSKGKLPK,,,,,1
SPPGSAAGESAAGGGGGGGGPGVSEE,,,,,,1
QTEIGERGINLSGGQR,,,1
KLSAAGMHEALK,,,,,,,,,1
DMQEPPAGKEVK,1
INKDWLEGTVR,1
LVKNGENQLR,,,,,1
LSPVHKR,,1,1,1,,1,1
LSVEADINGLR,1,,1,,,1
KLKNLR,,,,,,,1
NSGSSSIGIPIAVPTPSPPTIGPAPGSAPGSQYGTMTR,,,,,,,1
LLLDMYKSAPKEQR,,,,,1
SGLKDSSVEELK,1
EMVATEQER,,,,1
MDSRMQLAK,1,,,,,,,,1
SAGQGVAAR,,,1
TLPLEVK,,,,,,1
QSMSLTPPLIE,,1,,,,1
GGTLTDSQIVE,,,,,,1
IQAGDVSSMR,,,1
KNPFNSSKLPEGHSSQQTK,,,,,,,,,1
KSLARR,1,,,,1
MEISSAEPEK,,,,,,,,1
ELGLPSGK,,,,,,,,,1
MAGILSALGSK,,,,,,,,1
TSEAMVPFVSDTE,,,,,,,1,1
MVVSTLE,,,,,,1
MLNVHNLNYSSSR,1
MQFKSDGVMVGAVLGLTVLAATIAVVVVYLIHIGRSK,,,,,,,,1
LLSVEGSTLREALTHR,1
GKLLAPDCSR,,,,,,1
MAAGTSMSPDEDALPFLTLASAPSQD,,1
ISGSSKR,,,,,1
QQSTLKK,1
KQQKDPR,1
TYLGK,,,,,,,,1
SGADPVTSVGKR,,,,,1
TTYWLTGMK,,,,,,1
TFSNVFGR,,,,,,,,,,1
MLVSAVESLE,,,1,1,,1,1,1
SQKIHGCQILE,,,,,,1
RKMDETDASSAVK,,,,,1
APHSNSSDHLTGLKK,,,,,,1
KDPSKNQGGGLSSSGAGEGQGPK,,,,,,,,,1
EVEVTRTHK,,,,,,,,,1
ESSIDDLMKSLDK,1,,,,1,,,,,1
CMEMKNTILAR,,,,1
MASASSSQR,,1
LIPESLK,,,,,,,,,,1
HGLPATHPVR,,,,1
TSLGTESSTTE,,,1
QMLSNQASWRK,,,,,,,,,,1
TLSSQPKKADPAAVVKR,,,,,,,,,1
LEPQATPGPSQAASAFGAGPTQPPHPVVPSPVRPSGGRPE,,,1
MQSKVK,,,,,,1
SKSGALK,,,,1,,1,,1
TLDSMNSKGCK,1,,,,1,,,,1
FNLISIMSIDK,,1
SSLNQMLDKTVEQKMK,,,,,,,,,1
TPSRPGSR,,,,,,,,,1
AMLATMCGGKMLDK,,,,,,,,,1
DSPCQPQPLSQALPQLPGSSSEPLEPEPGRARMGVE,,1
EKDTAVQGNIRLSFEDFVTMTASR,,,,,,,,,1
ANFSIK,,,,,,1
MPFFGNTFSPKK,1
EPESAAEAVKLAFQQKPPPPPKKIYNYLDK,,,,,1
AAVESDTEFWDK,,,,,,,,,,1
TSEQAQSK,,,,,,,,1
TLQKNK,,,,,,1
KTSMAVPSLTETPFHSLRLSTPVTAK,1
GAGGEPARSGAGHAPDGTPGTATARAASQPLGR,1
TSLKNAYSSAKR,,,1
TDKDSR,,,,,,,,,,1
KSEGK,,,,,,,,,1
EKELQLLNDKVETEQAEIQELK,,,,,,,,,1
TIISR,,,,,,,1
EADASVDMFSK,,,,,,1
SQLDINNK,1,,,,,,,,1
ISVYSIMGGSTDGLR,1
KLAMSR,,,,,1
KGAEPPAPLTSR,,,,1
IPSLGWSPSK,,,,,,,,,1
STSPSIPSPQDNE,,,1
KIPSMSK,,,,1
ITDGLHALQEASNK,,,,,,,,,1
GKSGFNSK,,,,,1,,,,,1
NKAPAEVQITAEQLLR,,,,,,,,,1
TTGIVMDSGDGVTHIVPIYEGYALPHAILR,,1,,,1,,,,1,1
LLAKMFR,,,,,1,1
TESSCVKSGSGSESTGAEER,,,,,,,,,1
RAVSQLIR,,,,,1,,,1
MKSRKNFK,1,,1,,1,,,,1,1
TVPVSSNDTPPSALQE,,,,,,,,1
TVPMALAKQGEPQEALAQIR,1
EASVNPSGAR,,,,,,,,,1
MKQSCLLR,1,,,,,,,,1
ESKVVVPPLPGK,,,,,,,,1
GGGGGVLPLTPPPQVR,,,,,,,,,,1
LLRNLYDSIR,,,,,,1
MGGMGTPGDLHAACPSTTR,,,,,,,,,,1
SSSKESK,,,,,,,,,,1
TIDNK,,,,,,,,,,1
MHMEDGIYTCPVCIKK,,,,,,,,,,1
MSDAAVDTSSEITTK,1
DSKGAGQEQGMPAGK,,,,,,,,,1
ETMLVK,,,,,,1
DSMIENMKSSQTSGTNE,,,,,,1
TAVTTVPSMGIGLVKGGVSAVAGGVTAVGSAVVNK,1
GSPNLTLPK,,,,,,,,,,1
QSGMRTYYFSADTQED,,,,,,1
AMDGQIQGSVELAAPGQAK,,,,1
SKEQMQAELK,,,,,1
EESAATQALK,,,1
KSIIK,,,,,,,,1
LSLALADGSQE,,,,,,1
TETTIGYGYRVITD,,1,,1,,,1,1
LSDPESSK,,,,,,1
ADVIKEKLMTQADR,,,,,1
GQKGEGGMKGEK,,,,,,,,,1
GSAEGSAPTPLTEGSLPTVGNAPE,,,,,,,1
KSSQR,,,,,,,,,,1
ASYCGHTEIAR,,,,,,,,,,1
SPFSGTMTVDGNK,,,,,,,,,,1
LTVNK,,,,,,,,,,1
DSLTVVFE,,,,,,1
SSSKESR,,,,,1
IKGIPKLDDANDAGGR,,,,,,,,,,1
SSSSTTTGEK,1
EMKQQE,,,,,,1
KFIDTQTSQSR,,,,,,,,,,1
MGGSCAQR,1
TGGVPVPR,1
EAVTLYLR,,,,,1
SLLAGLSLPSR,1
TWSLLSDSTMDTRYSGK,,,,,,,,1
MPNGMYDGSALIR,1
TGSNAAQYKYGK,,,,,1
AGTSHGLSASQVDNCNVSISTSSDDTTTWNSCLPPPVNQGR,,,,,,1
KPESR,,,,,,,1
QNSEQIDMQDIK,,,,,,,,,1
TTSGPVTE,,,,,,,,1
EESALREPSR,1
LIEQSR,,,1
GTPTTPK,1
EMTAACTPR,,,,,,,,,1
IFSTISSTKTK,,,,,,,,,,1
AEVSQPR,,,,,,,,,1
LTSQITEMVSAK,,,,,,,,,1
SSSAASTSSSSSAVASASSTVPPGARVKQGK,,1
DGDLIVSMRILGK,,,,,1
FASNLSYSMEAEK,1
ASPTRTPPTESPAR,,,,,,,,,1
WRSNSLNNGQPK,,,,,,,,,1,1
GGAEESAIR,,,,1
EDSSRSSSR,,,,,,1
NKLSR,,,,,,,,,1
LTKDNNLTTGK,1
KSSPGTSNKR,,,,,,,,,,1
ILHGFK,,,,,,,,,,1
VKELDPPK,,,,,,,,,,1
LSEHTQR,1
AEAGPSAPPR,1,,,,1,,,,1,1
KSSGAGGGSGSGGSGSGGLIGLMK,,,,,1,1
TPDEAAR,,,,,,,,,,1
AESGKEEDKK,,,,,1
SSSSSSSSTSSSSSSDE,,,,,,,1
LKADEPSSEE,,,,1
TSLQTK,,,,,,,1
FRKYE,,,,,,,1
FAISIKYNVEVK,,,,1
LSQSGHMLLNLSR,,1
LIRNQQTNDRKQK,,,,,1
KFVDSICKHGPR,1,,,,1
NMEVSVATTTK,,,,,,,,,,1
TIMVDDSK,,,,,,,,,1
GSGGGSSGGSIGGRGSSSGGVKSSGGSSSVK,1
MMASGLTE,,,1
ENIASLQKR,,,,,,1
RCRSVELDLNQAHMEETPK,,,,,,,,,,1
NSSIDKE,,,1,,,1
KSTGSPTQE,,,,,,1
ESMLKTTLTAFGFASADLIE,,,,,,1
KNQITNNQR,,,,,1
VKKSVELDNDDGGGSAAQKQK,,,,,,,,,1
RSAGR,,,,,,,,,,1
TRIDVAGMK,1
MASGADSKGDDLSTAILK,,,,,,,,,,1
NSLGRSERR,1
VEPFDETLGSSTTISR,,,,,,,,,1
KKREMAEK,1
KETSTTR,,,,,,,,,1
CAGSPR,,,,,,,,,1
SELSGNFEKTILALMK,,,1
CKAAVLWEQK,1
SISMPSVVSEQE,,,,,,,,1
LTTPTYGDLNHLVSATMSGVTTSLR,,,,,1
KVKANTVSGGR,,,,,,,,,1
AAAALGGTFTR,,1
SPLVTGSPK,,,1,,1,1,,,1,1
THTTSASAR,1
MMAALYPSTDLSGASSSSLPSSPSSSSPNEVMALKDVR,,,,,,,,,1
RLLESLR,,,,,,1
MVPAETSSSGLLEEQK,,,,,,,,,,1
MVTSSPEEDLGTSYQCKLCNRTFASK,,,,,,,,,1
LTVALANPIK,,,,,,,1
TLVVAAAR,,,,,,,,,,1
LCYVALDFEQEMATVASSSSLEK,,,,,1
ISNIIK,,,,,,,,,1
MNMEITDVLGSTSLFVRDATR,,,,,1
TTINK,1
SGRFSCEPAGGLTSLTEPPK,,,,,,,,,,1
SMTLNLQTKSK,,,,,,,,1
GNTLGLAPMGTLPR,,,,1
KTGSQLGE,,,,,,1
TTSVR,,,,,,,,,,1
AGSGTLE,,,,,,1
DPNTIIEALR,1,,,,1
TKTSSPGQKTK,1,,,,,,,,1,1
SRLVIKSMLPHFAMVGNR,1
EGSARLR,,,,,,1
KNMQLTAGSK,,,,,,,,,1
TVMGIASGQEEAK,1,,,,1
TLRGTISE,,,,1
ANSVR,,,,,,,,,,1
VEGITNQGK,,,,,,,,,,1
SRYEEELR,1
SVAGIGQTGK,1
ASSKLR,,,,,,,,,1
FGTLSGSLLR,,,,,,,,,1
ISTTAEFLTNR,,,,,,,,,,1
DSSTSSKLTKKESLK,,,,,,,,,,1
AVGNKNR,,,,,,,,,,1
MLNVESVEAGK,,,1
QSISIGRGTR,,,,,,,,,1
LVHRK,,,,,1
NEPRVNTSALQKIAADMSNIIENLDTR,1
RLLNDTTNSNPLIR,,1,,,,1
MANKTSDSLLSMK,,,,,,,,,1
TMFMSGK,,,,,1
AGVMSTGPIR,,,,,1
KEACQR,,,,,,,,1
GAMLENLSPTSRGR,1
SVDDLAQQKPRSILSK,,,1
ETPAPETDINLE,,,,,,1,,1
DIKMSLEE,,,1,,,1
AKLRLEVNLQAMK,,,,,,,,1
TSAASGSPE,,,,,,1
EGGVPSEE,,,,,,,1
RSLMPYFLLTQAVR,1
VGGAEGTK,,,,,,,,,1
AASAAAAGSLKK,1
TVKSVGMIAGGTGITPMLQVIRAIMKDPD,,,,,,1
SLLRFSCEMGHQLRGSPER,,,,,,,,,1
ESDVE,,,,,,,,1
NRSQPGLLR,,,,,1
ALEGTLSELAAE,,,,1,,1
YNMKTLSILSKPQTE,,,,,,1,,1
TMGCLATTHSK,,,,,,,,,,1
QTTQKSLIATVE,,,,,,,,1
FSLAAFKR,,,,,,,,,,1
KSPESLVK,,,,,,,,,1
KTTTTPGR,,,,,,,1
GIFWKTWR,1
TVLDSGISE,,,,,,1
KYTLPGGLLAPGGNSMASGVGVGAGLGAGVNQRMD,,,,1,,,,1
SSTASSMELEELR,,,,1
TTVSHNTK,1,1,,1,1,1,,,,1
TQDIVLGTSFLSINSK,,,,,,,,,,1
QVYSSPNKQPVYCSAYYIMFLGSSCQLDNRQLE,,,1
MSGRGKTGGK,,,,,1
SAQASDMGGESPGSR,,1
VAEVDSMPAASSVKKPFVLR,,,,,,,,,,1
KAAATPAK,,,,1
QSHRGSR,,,,,,,,,1
ASPGKDNYR,,,,,1
MPVDPPGKPE,,,,,,1,,1
RAPTSGAMSTQPVTATASETMSMPQLTVPASGSMSMLQMRAPVSE,,,,,,1
LKHSR,1
QLTDLSNSLE,,1
INFDGIKLD,,,,,,1
AAMSLLR,1
HAALVSQPETTKTYPDKKDMQGTEEEK,,,,,,,,,,1
ETRADKK,,,,,,,,,,1
GVEILSLR,,1,,,,,1
AGYGGISLAVEGPSK,,1,1
TVLNQILR,,,,,,,,1
TGDSDPR,,,,,,,,,,1
WGQTLPTTSSTDE,,,,,,1
AGGGGDLSTR,,,,,,,,,,1
LMAVGKKDIGPSYR,,,,,,,,,1
SLLNNSKLEQTR,1,,,,,,,,,1
SDNNVKLIVLDR,,,1
KVKLEPVLTRD,,,,,,,,,,1
KSTTKDSKK,1
MAAPVKPPATRPKPTVFPKTNATSPGVNSSTSPQSTD,,,,,,1
TSHGEPK,,,,,1
TEDSIR,,,,,,,,,1
TNKSTGGEHKK,,,,,1
TLDMIK,,,,1
ATNQKGSVESSAYLTVQGTSDK,,,,,,,,,1
ATANSQVMGSANSTLRAEDMYSAQSHQAATPPK,,,,,,,,,1
MSVVTESSR,,,,,1
ASYTVEMNGHPGPSTAFFTPGSGMPPAGGEISK,1
SLNEMKR,1
KSLNGTIENLK,,,,,1
LTTTGQVTSPVK,,,,,,,,,1
TELMKQE,,1,,,,1
TENGKNK,,,,,,,,,,1
STVASMMHR,,,,,1
MSHSSSGSASLSQVSPGK,1
SHSSNSSPIGK,,,,,1
TTSTR,,,,,,1
YISIGSEAEKNK,,,,,1
QTTEMLK,1
LDNSR,1
THQNTSK,,,1
TKTSKK,,,1,,1
DGTKMVSADAYKITPGAR,,,,,1
EADAATSFLR,,,,,1
TSGPPQEDK,,,,1
LLQTEK,,,,,,1
STSGLTDITWSSSGSDLSDEDK,,,,,,,,,1
FPSTSESR,,,,,,1
TKAIE,,,,,,1
DPLLNPNMVK,,,1
TLFDILVAGSMLAPGGTRIDD,,,,,,,,1
CTVGLRDKYGK,1
ISPAVMAQITEALQSNMR,,,,,,,,,,1
VNTTASSSPSTLIQGTLE,,,,1
MVEALRAGSAR,,,,,,,,,1
LGSGQSPTQGTPK,1
DEGKTIAIGK,,,,,1
DIEDSK,1
ATETSQQLQLR,,,,,,1
TKLEKGSTR,1
MSAESGPGTR,,,,,,,,,1
LNALMTDE,,,,1
NKAQNITAPE,,,,,,1
KTNLDLGPTAPSLEK,,,,1
KPTGGK,,,,,,,,,1
KSAAATEEE,,,,1
TGAKPSQARK,,,,,,,,,1
KEQELSE,,,,,,1
TKSSSPVK,,,,,,,,,1
SEQEAIHSSQVGTSRSSQEMAR,,,,,,,,,,1
TNQMAATIKQLE,,,,,,1
KGSMSNGHGSPGEK,,,,,,,,,,1
MLRSTSTVTLLSGGAAR,1
ASHSFLR,1
VDAAYMSK,,,1
SVSSPNVPALESGYTQISPEQGSLSAPSMQNMETSPMMD,,,1
TNSPLQVK,,,,,,,,,,1
NVSSATHSARNNTGGSTGLPRRK,,,,,,,,1
FDVNWSPR,,,,,1
KINPDER,,1,,1,,1
ASENIVTSILK,,,,,1
FLLGFSAGTE,,,1
VLSKIPK,,,,,,1
TSSSSSFSDKKPAKDK,1
DISTAQQMLK,,,,,,,,,1
DSTKRASAKVAPQR,1
KSTLK,,,,,1
KTQDQNVLE,,,,,,1
TTGIVLDSGDGVTHNVPIYEGYALPHAIMR,,,,,,,,,1
MRTDSGKVK,1
REVMQATATSGFASGMEDKHSSDASSLLPQNILSQTSRHNDR,1
TETKPSVTE,,,1
CPEALFQPSFLGMESCGIHETTFNSIMK,1
AETPTESVSEPEVATK,1
TLGLGKTR,,,,,,,,1
NVSSSLLEK,,,,,,,,,1
KLSPTEPK,,,,,1
NISGSVTLK,1
TGGADQSLQQGE,,1
SQDTIGK,,,,,,,,,,1
MTSPSPSVDADK,,,,,,,,,,1
TTLQSK,,,,,,,1
KESQGSGTAVR,,,,,,,,,,1
TSLLKE,,,,,,1
KGYDQIIPKMLK,,,,,,,,,,1
ATITLYGK,1
SEGAQNQGKKVE,,,,1
SGKSTPSNNGKKE,,,1
REEGDPSPHSGGVCKPK,1
NCLVSEAGVVK,,,,,,,,,1
SPEEIRE,,,,,,,,1
ATARQEAVISLGVLGIR,,,,1
KMSSSGAK,1
TQDLTMKCNEEEK,1,,,,1
KSKGSGNDRHSK,,,,,,,,,1
NELSDMSR,,,,,,,,,,1
LKQKAESLK,1
EFSWSER,,,,,,1
FQAEASEK,,,,,1
DMDQTLTLEDLVVK,1
TLGPVMYGKLPR,,,,,,,,1
SSEAMSLESQESPNE,,,,,,,,1
EIQISDNHTLISMGRPSSTLGVNRSSSR,,,,,,,,,1
NICFTVWDVGGQDK,1
TNISKPK,,,,,,,,,1
AKEEAK,,,1
SSPKSR,,,,,,,,,1,1
LSYSMKDDLWSIQNLGTK,,1
RITMMSRPPVLLEK,,,,,1
TKMPSLVK,,,,1
LNISYTRNMTLKDGKNN,,,,,,,,,,1
SHHRSILLASSGGGNGAGGGGGAGGGSGGGNGAGGGGAGGAGGGGGGGSR,,,,1
TAQQTTTFTGHSGDVMSLSLSPDMR,,,,,,,,1
TLEAHK,,,,,,1
IFTGNK,,,,,,,,,,1
TEEPLSGVK,,,,,,,,,,1
IFDGVKNGAQRPK,,,,,,,,,,1
NNSVAR,1
KAGTTQGGK,,,,,,,,1
TELAATMVE,,,,,,1
QGSCVLDDR,,,,1
FAYVPADPAQLAAQMLGKVSSIHSDQSD,,,,,,1
KESALSTR,1,,,,,,,,1
SSTLETTKSPLIIDK,,,,,,,,,,1
VSGAAPVSIEAGSAVGK,,,,,,1,,,1
DQMVQHPAAKMIVMASHMQEQE,,,,,,1
MPSFGASAPGKSIEASVDVSAPKVEADVSLPSMQGDLK,1
IDGVATTR,,,,,,1
NYSITVSIVMGIPTVKR,,,,,,,,,1
DRSAASTPSK,,,,,,1
TRSTGQLELGR,,,,,,,,,1
VQTNKMVMLSCEAK,,,1
TTPKEPTEKKMAR,,,,,,,,,,1
RNQSLSLLYK,,,,,1
EPTYFLTPR,1,,,,,,,,1,1
ALAEIK,1
ASASSFAQGISMEAMSENK,1
STLGQTDFPAHSR,,,,,1
MENFEKVVVMNQFNGWSISCK,,,,,,,,,,1
AVQPTSGEPR,1
NMVSK,,,,,,,1
LKLLQEEE,,1
LGAPSSTQVK,,,,,1
DTILQENLK,,,,,1
SPGARCYGFVTMSTAEEATK,1
MKTLSR,,,1
SPEELSH,,,,,,,,1
AEAFVSMIDNGKQGSLDSTMK,,,,,,,,,1
STDNTSAVMR,,,,,,,,,1
KGTSLSSESILSLE,,,1
TSLIHR,,,,,1
AGTEVTK,1
EMLSSEIR,,,,1
MAESENRKELSESSQEEAGNQIMVEGLGEHLER,,,,,1
ECGKAFSCGSDLTR,1
QASVNTIIEK,,,,,,,,,1
TPDKPR,,,,,,,,,,1
TLMDRIK,,,,,,1
TFMKSRPTKQK,,,,,1,,1
GSRSEEPGAGNR,,,,,1,,1
MSKSASPK,,,,,1
IEDWKK,,,,,1
TPAQSGPLVAGDD,,,,,,1
TIIGQQGDQSCANK,,,,,,,,,,1
KMSGGSTMSSGGGNTNNSNSKK,1
GLARGLSPAR,1
STPLASPSPSPGR,,,,,,,,,,1
TVIFVATGEGKAAVLK,1
TAGGVMTPLIK,,,,,,1
AENAVSSGNR,,1,1
NTVCGGKGRNHDFLMEIQLSK,1,,,,1,,,,,1
KDSVPTAVTIPVAPTVVNAAASTTTLTTTTAGTVSSTTE,,,,,,,1
TSATPE,,,,,,,1
TLEKNK,,,,,1
GLSMAATFIGNNTAIQEIFNR,,,,,,,,,,1
MQVGQTGK,,,,,,1
LAYQESEVAALLKKIPLGPSEMSTMR,,,,,,,,,,1
DIAFIMDDFQHAMSDSEGKLGLK,,,,,,,,,,1
AASSLEQK,1
HQPGVDKPDPKTWK,,,,,,,,,1
RPLPVSR,,1
KMMVEADLEDIKK,,,,,,,,,1
QLIKTTK,,,,,,1
PESAKK,,,,,,,,,1
SGDAKSSSKSKR,,,,,1
TMSSAKK,,,,,,,,,1
KELEEQPTR,,,,,1,,,,1
STVAESVSQQILR,,,,,1
TNTAFSYVPTGAITQASR,,1
QDVVNQTRSLRQE,,,,,,,1
GASGIQGLAR,,,,,,,,,1
SLAEVEAGKDASSR,,,,,,,,,1
AVELASLQNAKDGSGSEEK,,,,,,,,,,1
KVLLCHTGWSAVTPLK,,,,,,,,1
IPLGSLK,1
TNGGISDLK,1
MTGFELTEGVK,1
MEGSPSLR,,,,,1
LSESQEK,,,,,1
ESPTTCRHFIE,,,,1
MLRSGPASGPSVPTGRAMPSR,,,,,1
RAPAGGTDR,1
MAAPGLGRSSISPTASLTQNRTTMTHCSRTTGCSTASGR,,,,,1
SAWTMEALPENMDSPTLQVTGSE,,,1
IVPRSAR,,,,,,,1
SQLSKK,1
MINESEKR,,,,,,1
KAGDGSK,,,,,,,,,1
KKGDGGGAGGGGGGGGSGGGGSGGGGGGGSSRPPAPQENTTSEAGLPQGEAR,1
GKLLASATGHSDR,,,,,,,,,,1
SEAAVGAEVSMTSPGQSK,,,,,,,,,,1
SSSIGSGPGDAE,,,,,,1
MQPKSAELK,,,,,1
DPSTTKDEK,,,,,,,,,,1
LATPPR,,,,,,,,,1
LLEFVGFSGNK,1,,,,,,,,1
GTEWVDPEDPTVIAENELLGAAAAIEAAAK,,,,,,,,,1,1
TLPNNK,,,,,,,,,1
GSGGGSSGGSIGGRGSSSGGVK,1
MKVQDQDLPNTPHSK,,,1,,1,,,,1
TNGNIK,,,,,1
MLATLFKD,,,,,,1
TEPKGADPESPR,,,,,,1
ARASKSK,,1
GTPITVPAHDAVISSAGTHSVAMVTAEGTE,,,,,,1
EDDCSNSSLALR,,,1,,,1
CPPETTETPK,,,,,,1
RTVSQQSFDGVSLDSSGPEDR,1,,,,1
MLRELQETNAALQD,,,,,,1
SSKGTRASVK,1
SSDREGTR,,,,,,,,,,1
MKGGGGQRDVGADR,,,,,,,,,,1
IKEEFQFLQAQYHSLK,1,1
VLSPTGR,,,,,,1
TLITMLIGQLSKGDR,,,,,,,,,,1
EVATNSELVQSGKSEISELR,1
GQLTSSMVDDVFYIVKKCIGR,1
SLNSSQGIVE,,,1,,,1
TSDAVLVSE,,,1
SELLPAGWNNNK,,,1,1,,1,,1
TLPLLK,,,,1
SSGAITAR,,,,,,,,1
CPGESSHICDFIR,1
TGSKQVGETSAPGD,,1
LTNKNNK,1
TMQIEK,,,,,1
KWSSKGNDIIAAAKR,,,,,1
LTVMTDLEDK,,,,,,,,,,1
FRMLNSSFEDDPFFSWSYSAAAETEAQEALGTIIR,,,,,1
TGELTTIGELD,,,,,,,1
LSSGSKR,1
TPIAAGHPSMNLLLR,,,,,,,,,1
KHKAALAAAQYK,,,,,,,,,1,1
MPEGSVSAMRTSPK,1
LASDPNVSK,1
DTVTTGLVGAVNVAK,,,,,1,,,,1,1
FEVKTEGE,,,1
KLGAGEGGEASVSPEK,,,,,,,,,,1
MEAEGSSAPARAGSGEGSDSAGGATLKAPK,,,,,,,,,,1
TEPCSRHSSSSTMLDGTGALGR,,,,,,,,,,1
ECFGKICR,,1,,,1,1
CYEPMTMMAGGRPVFVSLKPGPIQNGELGSSSNWQLDPME,,,,,,1
ESMIPITR,,,,,,,1
SYDRSSRSLDQDSPSK,,,,,,,,,,1
DDFMEIK,,,,,,,,,,1
ELTDAESR,,,,,1
TTHIDIPR,,,,1,,,1,1
KSKGGEGGELQVWIK,1
AAANSSHGK,,,,,,,1,1
ISQKNIK,,1
THEEVK,1
TASAPAK,,,,,,,,,,1
TDPNKLIE,,,,,,1
LVSIVHGCRSLRQNGR,,,,,,,,,1
AKMPSASTESR,,,,,1
SPASSFSHSTPSGNGK,1
TGPDWLK,,,,,,1
TEKLLPE,,,,,,,,1
GPGGVWATE,,,1,1
LVGSDQAPGR,,,,,,,1
MEESGAQLLLE,,,,,,1
VYSVSSEDR,,1
IAGPSIR,,,,,,1
TPEAVTSIK,1
TIIGGEGEK,,,,,,,1
DKPASSMSDD,,,,,,,,1
KEEVTSEPGGTSIMSRLGGMNAAVR,,,,,1
MYGASGGRAKPER,1
HPGGLHPDNVK,,,,,1,,,,,1
TTGIVMDSGDGVTHTVPIYDGNALPHATLR,,,,,1
GAITQPLK,,,,,,,,1
RSPSPSR,1
GYRPKLYSSGSSTPTGLAGGSR,,,,,,,,,1
GEALAPTTQSKLSR,,,,,,,,,1
ATTDEEGSVSNIATEIK,1
EKTSGATQTTVG,,,,,,,,,1
MAEKDANSVTSSLRK,,,,,1
VSGSATGTVSDLAPGQSGMDDMK,,,,1
ILVTSNDSRIR,,,,,1
GSEGVPGSRRWAGGGGGGGGATYVFR,,,,,,,,1
TDETLTSLLNE,,,,,,,1,1
ESKCIIQMQGNSTSIINPK,1,,,,,,,,1
KRDSVLTSK,,,1
TNGISDGK,,,,,,,,,,1
GKETEK,,,,,,,,,,1
TGAACLPFYSAAGSIPSGVSGRRRLLLLLGAAAAAASQTR,,,,,,1
IDAIIDKSGSTITAE,,,,1
KLECTLPDGTGR,,,,,,,,,1
RAEATAASTSR,1,,,,,,,,,1
TSLKFR,1
LPRSPR,,,,,,1
QQYNALLSNMSR,,,,,,1
TSTRSSAK,,,,,,,,,1
DTSATTALE,,,,,,1
KEEEMETLGK,,,,,1
FNVSLTVKNTK,1
SQSENVPASR,,,,,,1
SAVGQMGWSGGLSLRDMNLTGCLESGGSE,,,,,,,,1
KEVILLEKMK,1,,,,,,,,1,1
QSELK,,1,,,1,,,,1
LETSPTAKPQIK,,,,,,,,1
EHNMYPTPSGFTSSLFTVSGMQTVD,,,,,,,1
LKASAPSR,,,,,,,,,,1
LLSKNPK,,,,,1
EGSSGSSGR,,1
DKTPIK,,,,1
MQAQDVSVYKTDTVPTLIELTGRR,,,,,,,,,,1
FSQLKGSSDDGK,,,,,,,,,1
GVSPSQPSMDGILDAIAKE,,,1
MKGSEVSLE,,,,,,1
SLENTLTESEAR,,,,1,,,,1
ITYPPGVKEISDK,,,,,,,,,1
QLSKPLSER,,,,,1
TGSASGCNSEKIR,1
SQQAPSSLQKLAE,,1
TKDKLK,,1
MPTPTNVTIE,,,,,,,1
NQTPVR,1
TQGTEDLK,,,,,,1
KLAQIR,,,,,1
TKNSEEFAAAMSR,1
GESSCPVCR,,,,,1
TGPSFLLR,1
IVELEVENRGLRAEMDDMK,,,,,,,,,1
FICGSTLK,,,,,,1
LVKTHDLSPK,,,1
EWEKVFEMSQDK,,,,,,,,,,1
KDSDDGPIMWVRPGEQMIPVADMPKSPFK,,,,,,,,,,1
TILHR,,,,,,,,,1
CEECGKAFKRCSHLNEHK,,,,,1
MATMKE,,,,,,,,1
TQGNVDEASLKE,,,,,,1
LGSDISK,,,,,,,1,1
HTSSRTSPLTSPTNCSHGGLSPSR,,,,,,,,1
IADSQKSSEDSGSR,1
KGSWGLPGSKGEK,,,1
MQAAVDSKQKIID,,,,,,,,1
KAGYPE,,,,,,1
TREQENEEKEK,1
EDSTTFAK,,,,1
DSADGTITR,,,,,,,,,1
KDQEMQLIHEISNLK,,,,,1
FELSGCTSMK,,,,,,1
RHKQLK,1
ENSSEELVSR,1,,,,,,,,1,1
MESTDTKR,,,,,,1
LLSHQAVQPPSLPEAR,,,,,,,,,,1
ILLKGFTSLGME,,,,,,1
TNKEIR,1,,,,1,1,,,1,1
SLKGGGALEKE,,,,,,1
KLLTHNLLSSHVRGVGSR,,,,1
KSGSLK,,,,,,1
TITTRSNSIK,,,,,1
KLSSSSK,,,,,1,,,,,1
GYEDWLLSEIR,1,,,,1,,,,1,1
NELEGLKQK,,,1
QLSESQVK,,,,,,,,,,1
KRPELPRAPSTPR,1,,,,,,,,1
KNNSTTTNNSKPSSLPTLGSNTETVQPEVK,,,,,,1
QLMTLENK,,,,,1
ASGVSK,1
TASSAIK,1
QSPSK,1
MQCPKTHTKE,,,,,,1
GGKLISSPDTR,,,,,,1
SSSDESSSSE,,,1
VHGSLGDTPRSEETLPK,1,,,,,,,,1
STHGQLRTDK,,,1
DPPDMTKLKK,,,,,1
SIFTPTNQIR,,,,,1
MSELSSSRPK,1
EGIIVTGK,,,,,,1,,,1,1
SGSPMAR,,,,,,,,,,1
LLTEMK,,,,,,1
EKAMADEEEQKVAVIMLEVK,1
GEGPDVDVSLPK,,,,,1
NKKINATVR,1,,,,,,,,1
LIISMSAK,,,,,1
HTQSNSDVKDTRPNEPDDYMVDYFR,,,,,,,,,,1
TLEVLLKDMEK,,,,,1
SSASMAK,,,,,,,,,1
TESEDK,,,,1,,1
TITYEAAQTVK,,,,,,,,,1
FLPTGISSK,,1,,,1
TGTCAKLR,,,,,,,,,1
ILLLGAGESGK,1,,,,1,,1
TKIKGEK,,,1
SSLKSMSLERVR,1
MNGSLHQELK,1
TSFAALLK,,,,,,,,,1
FTSHATFNSEK,1
MEFDEKDLR,1
LSRGGPGGGGAR,,,,1
KAAELSSGRHANTD,,,,,,1
LPVSVSRE,,,,,,1
VLLVSTLQR,,,,,,1
KSGQPVTADDLGVTGALTVLMK,,,,,,,,1
EPVVYPWMKK,,,,,,,,1
TNTSVLGPMGGGLTLTTGLNPSLPTSQSLFPSASK,,,,,,1
KLGATKQEEEALLSEMDAQLLTVQK,,,,,1
IPLTR,,,,,,,,,1
KSTGGKAPRK,,,,,,1
KIQESK,,,,,,,1
DLEIFNLPNVEISK,,,,,,,,,,1
VLSVTPTQSPENNDLISYNSVWVACQQMPQIPRD,,1
APSATAR,1
IGKPHTVPCKVTGR,,,,,,,,,,1
TENQIPQR,,,,,,,,,1
LKTSRVTDASISMESLKGTGDSVDEQNSCR,,,,,,,,,,1
SFSLLQEAIIPYIPTLITQLTQK,,,,1
ENSTTTISR,,,,,,1
RSGSSDFEARNK,,,,,1
SLRNKGSVLIPGLVE,,,,,,1
VTEIIPK,,,,,1
AMGKAEAE,,,,,,,,1
SRSSSVTSIDK,1
SQSSSLLDMGNMSASDLDVADRTK,,,,,,,,,1
GIEELSDPSGPK,,,,,,1
KHQDSSMR,,,,1
RAPISHSLRRSR,1
QSGDGSR,,,,,,,,,1
LHSPVAGYWLTASGER,,,,,,1
KSLEDK,,,,,,,1
QLQELALQSE,,1
SSSKSPKPSK,,,,,,,,,1
IAQGRGSQELGMSNVQELSLRK,,,,,,,,,1
RFLQVQSMMYD,,,,,,,1
TPDLKGLR,,,,,,,1
VFEEDALSWEDKLNR,,,,,,,,,,1
SEENMPGGGLSAGLASANSNVRIIVR,,,,,,,,,1
TTSNFSGK,,,,,,1
TTSLNSMMSVYSETGDYGNVK,,,,1
ETNGHAAPMTEIKE,,,,,,1
ITATVTPDLK,,,,,,,,1
ETVEPKE,,,,1
EMSPTRQLRR,,,,,1
SSSSSSDGSPE,,,,1,,,1
KSNQLE,,,,,,1
DYSNFMASLNLRNR,,,,,,,,,1
TLELLPITTATTTQEPAGAAGGARAINQAMDR,,,,,,1
IVTNYFSAHDNDANLQMDIFLEEDGNVNSK,,,,,1
TSTSLE,,,1
TMQNLEIE,,,,1
SSGSKSRGR,,,,,,,,,,1
KLQDASR,,,,,,,,,,1
KAEEALSDLR,,,,,,,,,1
LADYSNLR,,1,,,,1
SLSFSGPR,,,,,,,,,,1
IETAFMDIEEQK,,,,,1
LMIEMDGTENKSKFGANAILGVSLAVCK,1
TVAIQPEVK,,,1
TEDKLQAASSQLQVEQNK,,,,,,,,,,1
GTISNGKNPPTLKPVPPPTSRPRMLTTPTGPESMSTSTPAISSPSPTTASK,,,1
TREPSNAK,,,,,1
TDIIDR,,,,,,1
ALILSSHE,,,,,,1
RPAALPSASPPPREVPVPTPAPVE,,,1,1
IMQTVEITKHAVDIEEKGVR,,,,,,,,,1
VGTDFK,1,,,,,,,,1
QTEVGEK,,,1
SSTGRLLK,,1
HTLTQVKDAIR,1,,,,,,,,1
NPSHPTASALSTGSPPMKNPSHPTASALSTGSPPMK,,,,,,,,1
QIDQLSK,,,,,1
SANQMGVSAK,,,1
IMGGSGTETTLEK,,,,,,,1
KEEPASGK,1
FSLDELAGPGAEGPSNLKSKINK,,,,,,,,,1
ALEQQVEEMRTQLEELEDELQATEDAK,,,,,1,,,,1,1
TPGSGAGEK,,,,,,1
TGGTTFGR,,,,,,,,,1
LSNLIK,,,,,,,,,1
TSRDHK,1
MLHNYPSALSSSAGNIMPTTYISVTPKIGMGKPAITK,,,,,,,1,1
DTKMASNPRK,,,,,,,,,,1
SVSSSSTASASAK,,,,,,,,,,1
TMVEAR,,,,,1
ASSSGEMSLPLMR,1,,,,,,,,,1
TILDK,,,,1
KPFLLAAER,,,,,,,,,,1
LLLERAQTPE,,,,,,1
TGLGHSTIMTSSTGSPHMAAASCGPARWPMTIQTR,,,,,,,,1
WSSNHLAPPKPMSLKTERINSGK,,,,,,,1
SRLSSGLVTAALYGR,,,,,,,,,,1
MATDVFNSKNLAVQAQK,,,,,1
IALLEEAKKK,,,,,,,,,1
GADTILFEK,1,,,,,,,,1
MEPSALRKAGSEQE,,,,1
NRSSSVSSSAASSPER,1,1,,,,,,,,1
YCMAVCGSAIPTTAASTPDAVDK,,,1
KNLIPLRASKIR,,,,,,,,,,1
ESLDVSR,,,,,,1
SEEIKMSEAK,1
LTSSGK,,,,1,,,1,1
IKREPNK,,,,,,,,,,1
KGDRIAQLICER,,,,,,,,,1
GPRSSLR,,,,,,,,,,1
KVENEDMNKDQILLEK,,,,,,,,,1
TNGVSDVPTSPTLQRPTHMNQMVFHK,,,,,,,,,1
VKAVIGSGYSEITMAVSRMLNLQLMPQVGYE,,,,,,1
SSEMSPVPMR,1
STRNPSLMKQESMR,,,,,,,1
TAENAAK,,,,,,,,,,1
ADGGGDISVK,,1
MLVSMSSAWE,,,,1,,1
QSPQSAK,,,,,,,,,,1
RMAGAPMAAAVQPAEVTVEVGE,,,,,,,1
GEEMIARSGGTDK,,,,,,,,,,1
KSKSMAR,1
ELIQSR,,,,,,,,,,1
RMELKADQLYK,,,,,1
DKESVGLGSAR,1
LLSGSLDR,,,,,,,,,,1
SNPTDIYPSKWIAR,,,,,,,,,1
LLLLGAGESGK,1,,,,1,,1
AVTDLLGRRQRK,,,,,1
EDIKTME,,,,,,1
KSLNIR,,,,,,1,,1
MLILGSMFSLVEPVLTIAAALSVQSPFTRSAQSSPECAAAR,,,,1
IVASTLSNPELFEE,,1
MLSGKKAAAAAAAAAAAATGTEAGPGTAGGSE,,,,1
TQVPEKKK,,,,,,,1
KDTQTK,,,,,,,,,,1
TELSGNK,,,,,1
LLLDRGAK,1,,,,,,,,1,1
TLLYTK,1,,,,1,,,,1,1
NMAAMFPMLLSGMAGLPNLLGMGGLLTKPTESGTEDK,,,,1,,,1,1
KMSLKSER,,,,,,,,,1
TKFSVTEPK,,,,1
QTASIFK,,,,,,,,,1,1
SSAAMSACSTISAQPASSMDTQMHSPKK,,,,,,1
FKSSMHLQLTCFQAASSTMMKT,,,,,,,,,,1
TTGIVMDSGDGVTHIVPIYE,,,1,1,,1
LYHAFSAMKKVETNMAFSPFSIASLLTQVLLGAGENTKTNLESILSYPK,1
SQPKPPPPPRRSGAGAMTISFSLEPALCLWSPQLSKR,,,,,,,,1
VGESTAHR,,,,,,,,,,1
GEKGEAALTEDDIR,,,,,,,,,,1
DPVSTR,1,,,1,1,,,,,1
IPEVGVSK,,,,,,,,,,1
ESQKEAR,1
TLKPATK,,,,,,1
ALMESPEGQLSLEPK,,,,,,,,,,1
LAMENNIKLSEVVGSGKDGRILK,,,,,,,,,1
QLKTTVQVSEPK,,,,1
LTDACSGLQGFLIFHSFGGGTGSGFTSLLMER,,,,,1,1
SAAPHGSLGHAGLPQSPAKMGNSTDPGPMLAIPAMATNPQNAASRR,,,1
LSQLMGESDPDLLVQK,,,,,,,,,,1
GAGTGASR,,,,,,,,1
QEPGSNEEIKE,,1
ADGANVKMNSTTTTAVSASSTSSSAVSTPPLIKPVLMSK,,,,,,,1
RAEKSCEQACESLKR,,,,,,,,,,1
TYRSQLSSEEEGAVMGK,1
GERLFINEEK,1
LDVITIPSK,,,,1
SASQERSLDEAMPTEGEK,1,,,,,,,,,1
QVQSEIPGSPIFLMKLAQHAR,,,,,,,,,1
TDEGER,1,,,,1,,,,1
TPSGPSAKSK,,,,,,,,,1
SVFMSSTTSASGTGR,,,,,,,,1
TDEMHTALME,,,,,,,1
SKPLKMADD,,,,,,,1
STMFHATVASK,1,,,,1,1
TPKEK,,,,,1
TSPKNSLKGDK,,,,,1
ETLPVIR,,,,1
IISDKQR,,,,,,,,,1
DVPFSSTTWVR,,,,,,,,,1
DIGISTK,,,,,,,,,1
MSQKVAFLLDE,,,,,,1
TLDCLMAASIPAVEIFMVKIFMLLVVGITSGMWIWTSK,,,,,,,1
TEIIKVDQSHSE,,1
NLASTPR,,,,,,,,,1
SEGALYPDGTSGR,,1,1,1,,1,1,1
TKEMILK,1
QEANTEGQKK,,,,,,1,1
KSGGGPEAGVPGRPAGGGHRAGSR,1
SISHKIR,,,,,,,,1
IFTNK,,,,,,,,,1
AKSDESIK,,,,,1,,,,1,1
SVKYGGSR,1
MTRAPRNSGGTPRTSSKPHK,,,,,,,1
ILQTEK,,,,,,,,,1
GMQGEKGTQSE,,,1
KPESIK,,1,,,,1,,1
TEFTLK,,,,,,,,,,1
DLYANNVLSGGTTMYPGIADR,,,,,,,,,,1
ASLSSSSSGAASLK,1
VLQDSLSMHSSDSPSR,,,,,,,,,,1
MKEVGK,1
LNLDSNK,,,,,,,,,1
FGARGVREGGAAMAAGESMAQR,,,,,1
QSDER,,,,,,,,,,1
MVSKSRWK,,,,,,,,,,1
AGVISALACMVK,,,,,,,,,1
VKFPPNIVNIHVK,,,,,,,,,,1
YGTNLSTDLSLNK,,,1,,,1
VYGDKLIDK,,,,,1
KDSCQEAALNK,1
SSFAKCEMR,1
GIITENPDTMGGIPAK,,,1
CTSQVTISSVGGSAVMSGGVGGGLGSTCGLGSGKGSPGSCCTSIVTGGSNIILGSGK,,,,,,,,1
KAGATAGKR,,,,,,,1
RLDCKVIR,,,,,,,,,,1
HLESLK,1
EILTTPNR,1
NTMALMDLDVKK,,,,,,,,1,,1
FEAGISKNGQTR,,,,,,,1
EPTTGMDPSARRFLWNSLLAVVR,,,,,,,1
MTAELKK,,,,,,,,,,1
ENSPAPPAPMQSISSGIRETVSPQD,,,,1
VVSAPLVLPWNPGR,,1
MEEVSKLQSEVQNTK,1,,,,1
TGGTME,,,,,,,1
VVSVQLGDGTR,,,,,,,,,1
MGGGVGASSSGGGPGGSGGGGSGGPGAGTSFPPPGVK,,,,1
NFISCTFLNPE,,,,1,,,,1
SRNPSSNSPE,,,,,,,,1
RVVSSKAIQSK,,,,,,,,,,1
TPAEQPK,1
MSVTLHTDVGDIK,,,,,1
MEVTGVSAPTVTVFISSSLNTFRSEK,,,,,,,,,1
ALMLQGVDLLADAVAVTMGPK,,,,,,1
SAAGGGGGSAGGGAGGAKTSKGSSKK,1
LAGASPATVAAAAAGSGPKDPMAR,,,,,,,,,,1
MNSQQTPVGTPKDK,1
TNCIAR,,,,,,,,,,1
KCPTEYQEKMGR,1,,,,,,,,1
ESHRVVLRPR,,,,,,,,1
QSNLATGLSKAKSQVFKNQDPVLPPRPKPGHPLYSK,1
QAQATGAGPR,1,,,,1
ATASDQKSSGGR,,,,,,,,,,1
TYLKQQEK,,,,,,,,,,1
TLYRSCMNQSVIEK,,,,,1
SLISSISQPKAIE,,1
ERLISLQMETTGLIDPDSKAPLTVVQSIDR,,,,,1
MAALSCLLDSVR,,,,,,,,,,1
IKSGERGR,,,,,,1
VVSQSQR,,,,,,,,,1
MTCNNSFQDKSLR,,,,,,1
MMARQTSSTE,,,,1
QSSINAMNEK,1,,,,1
MSLGGSDTMLKGADTSE,,,,,,,,1
VNGSASGKAGDILSGDQDKEQK,,,,,1,,,,,1
RKSLKSHSGR,,,,,1
LVSPETEASEE,,,,,,1
SAAEMVLSDDNFASIVAAVEEGR,,,,,,,,,1
ETAAKATVE,,,,1,,,1
YMATVTSISGDLK,,,,,1
LTVTGVTPDSLR,,,1
VVSGAGVTGISGTTGISGGIGSSGLVGTSMGAGSGALSGAGISGGGIGLSSLGGTASIGHMR,1
KLPPSR,,,,,,,1
AGSYK,,,,,,,,,1
SNDGKSKK,,,,,,,,,,1
KAKQTLENE,,,,,,1
EASPLLGISR,,,,,,1
ETVIFIPESFMPSASPWMVALAVILTASPWMVSMTVILAVFIIFMAVSICCIK,,,1
CPGPTSGPSPGTNLSGCIR,,,,,,,,,1
QAPSIATIGSTCDLNLKIPGNWFQMVSAQE,,,,,,1
SSSMAAGLER,,,,,,,,,,1
NGIKHGGLDLTTNNSSSTTSSNTSKASPPITHHSIVNGQSSVLSAR,,,,1
AESSRPEDIK,,,,,1
EEGGSTGSAGSDSSTSGSGGAQQR,,,,,1
SGTQSDKVTLKGAKDCVEAAK,1,,,,,,,,1
DPVVKPKTEKEK,1,,,,,,,,1
RSGGGAGSNGSVLDPAE,,,,,,,,1
VMSAQLTMAKTSGAMPTGSMKAVAK,,,,,,,,,,1
GLSEDTRSTSSHGTDEMESSSYRDR,1
VSHGCVSKILGR,1,,,,,,,,1
TWMEFLVQTEQK,,,,,,,,1
AESMLQQADK,1,,,,1
TNSALE,,,,,,1
TSKGTSGPPVTMATDSLETSTGTTGPPVTMTTGSLEPSSGASGPQVSSVK,,,,,,1
TEIEGTQK,,,,,,,,,,1
KTGEFAIVSGK,,,,,,,,,1
LADHFSR,1
SSNLR,,,,,,,,,1,1
LTTADKLLGELQE,,,1,,,,,1
VKFSCMAWTHDGKGMFYNSYPQQDGK,1
TGSSSLE,,,,1,,1
YNLSEVLQGK,,,,,,,,,,1
VDSTR,,,,,,,,,1
ESKDSKTSSKDDK,1
LSPQSFSVR,,,,,,,,1
AKFENLCKLMKEILDK,1
MLSSTTNK,,,,,,1
TKVPLLLE,,1,,1
EATRQPSGTGPE,,1
TPVTLK,,,,,,,,,1
YETNVGSQGSQLSR,1
SHMKDSSGNWR,,,,,,,1
DVNTTIMELLIMVYACK,,,,,,,,,1
SRQQEVIGK,1
DNSELGSETR,,,,,,,,,,1
MGPGERAGGGGDAGKGNAAGGGGGGR,1
DSVASTITGVMDKTK,,,1
TPSKRRGLAPNTPGK,,,,,,,,,1
GMRALGVTED,,,,1
KLTLTHSK,,,,,,1
SEHKAVLKR,,,,,1
QLLEAAKAGD,,,,1
WDNTTTECR,,,,,,,1
ATMKR,,,,,,,,,1
TPPPSQGK,1,,,,,,,,1,1
RLAYGGYEGSPQGYAEASMEKR,1
LTLKNK,,,,,,,,,,1
KLTLSSAE,,,,,,,,1
ESREKELMGFSK,,,,,1
TLKSFSMVD,,,1,1
TLTDLR,,,,,1
ASGPPAKATEAGKR,1
EKETLNIVLVGRSGTGK,,,,,,,,,1
EPSKSAESPTSPVTSETGSTFK,,,,,,,,,,1
MASAMKAVTE,,,,1
DGDGIFSPGGAISNMYSIMAAR,,,,,1
ENLNKLMTNLK,1
FPSEDAVEK,,,,,,,1
VDIVAINDPFIDLNYMVYMFQYDSTHGK,,,,,1,1
SANSTLR,,,,,,,,,1
LSEQEGSR,1
SSQDSKDK,1,,,,,,,,1,1
LKSSQK,,,,1
AMGAPWGSPTAAAGGRR,1
ENNFASMK,,,,,1
GVSSESSGDRE,,,,,,,1
TPSPPSKR,,,,,,,,1
MASVGLSDIAMDTTVTHATSHGR,,,1
MASPAYTPLTTTAKVRPR,1
SVSWADSAVVME,,,,,,,,1
TASSPDSLR,1
ASGSHK,,,,,,,,,,1
WSEDKSK,1
TPSSPK,1
AMVASGSELGKKLK,,1,,,,1
KLIASMSSD,,,,,,1
QLKESK,,,,,1,,1
KIRSLGGK,,,,,,,,,,1
ASGYTFNSYYMHWVRQAPGQGLEWMGIINPSGGSTSYAQK,1
TDLETAFRKGYGILPGFKGVTVTGFK,1
EETEAKEEK,,,,,,,,,,1
AAPPAPAAKGSPQPEPHAPEPGPGSAK,,,,,,,,,1
SSSMTRSPPR,,,,,1
ASIWVGHRGTVR,,,,,1
MAAEAGDLSTALER,,,,,,,,,1
KYFDEKIAK,,,,,1
FSEKIALQK,,,,,,,,,,1
KSSGGKGGSYSK,,,,,,,,,1
SATPSCR,,,,,,,,,1
LLAESLLER,,,,,,,,,1
TYNSVSK,,,,,,,,,,1
FNGGHSPTHSPE,,,,,,1
MPPFTK,,,,,1
NEKTPIAIE,,,,1
IMYNENTR,,,,,,,,1
QTSDMMTDAVNE,,1,1
EQSPSSSNSLE,,,,,,1
TNLGVGK,,,,,,,,,,1
QNQTSR,,,,,,,,,,1
QASTVAVK,,1
MGEASDLPR,,,,,1
KSNVIR,1
MEKKVSKR,,,,,,,,,,1
ITENYK,,,,,,1
TVVSLTQEQK,,,,,1
KDLILGSDR,,,1,1,,1,,1
LELSQR,1
QELSPR,,,,,,,,1
SNSIKIKGENGK,,,,,,,,,,1
SQSKR,,,,,,,,,,1
EFGAVSKVDFSPQPPYNYAVTASSR,,,,,,,,,,1
RQALKSASTDLGTADVVLGR,,,,,,,,,,1
EVNKTEKEIVQER,,,,,,,,,,1
MGNSALR,,,,,1
GQKGSVGDPGMEGPMGQR,,1
LQQSLVNSKSEE,,,1,,,1,,1
ACSASSKIR,,,,,1
KELSGPEGK,1,,,,,1
EDNISAKSLDSIVSGINNEPNQETTTSEIGTK,1
LLTTR,,,,,,,,,1
FMMQFSK,,,,1,1
LIPEEKKPTPVPKK,,,,,,,,,,1
FTLTISTLQPE,,,,,,1
SLPASITMHK,,,,,1
RKEQAGERGDKPK,,,,,,,,,,1
KSKATGTYESEGK,1
CVASTPGDRGSQE,,,1
MLSFK,,,,,,,,,1
LSMSSIETASLR,,,,,,,,,,1
TLSGHEGAVK,1
SGSLGNSSGSDVTSLSSQLPDTPNSMVPSPVET,,,,,,1
TLKLPTPTYGDLNHLVSATMSGVTTCLR,,,,1
MQNKGGGDR,,,,,1
SPSTLLPKKPTAIK,1
EKFGMNFGGGPSKKDLLETIETQK,,,,,,,,,1
FSAADYALAAALALTASSE,,,1,1,,,,1
QVSDSGDIK,1
TTSIISAPTTSTTSSPTTSTTSATTTSTTSAPTSSTTSTPQTSK,,,,1
EITPLK,1
CNKCTKAFGCSSR,,,,,,,,,1
VCDLIMTAIKR,1
TYVMKVKVE,,,,,,1
GKNVSGGSMTEMFVQLK,,,,,,,1
DKILLSSGRD,,,1
YPLSQDDINGIQSIYGGLPK,1
KNVAGSKR,,,,1
ALKEGHR,,,,,,,,,,1
TSITDSR,,,,,,,,,,1
TPSLIK,,,,,,,,,,1
TSKNDK,,,1,1
GVTKGIGHVTDVQAITAGEAQANMGF,,,1
AGGKSASAPNTEGVKSSSVMPSPSTTLAR,,,,,,,1
SSADPTMSQE,,,,1
MSSPSLSDLGK,,,,,,,,,1
TADSLER,,1
KGTSTK,,,,,1
ETKGSVQEPTQPTSCVGMPAEA,,,,,,,,,,1
TEDFIQVIE,,,,,,1
KNVGEKHR,,,,,,1
RKDTDDIESPK,,,,,,,,,1
ALYTKMVPAAVSHSE,,,,1
DTRMGTGPFSSSGHTAEK,,,1
NTELKK,,,,,,,,,,1
GSGTTDLDFR,1
RESLQKQEAIR,1,,,,,,,,1
SANLVNPK,,,,,1
QAASQEGRQKHAK,,,,,,,,,1
KSAMSQLLQLK,1
EVGSPPLDPTER,,,,,1
TESPSLGKVVPLSLE,,,,,,,,1
SEMLPKKLLLTE,,,,,,,,1
NCAGHLSGSLR,,1,,,1
SSSMTTLAK,1
IQENQPENSKTLATQLNQQK,,,,,,,,,,1
TSDGPK,1
RTSVGSSSSDE,,,,,,1,1
AAGVEAAAEVAATEIK,,,,,1
METVISSDSSPAVENEHPQETPESNNSVYTSFMKSHR,,,,,,,,,,1
IKIIAPPER,,,,,,1
MQASPLQTSQPTPPEELHAAAYVFTNDGQQMR,,,,1
MDHYDSQQTNDYMQPEEDWDRDLLLDPAWEK,,,,,1
KEDGSEVGVGGAQVTGSNTRK,,,,,,,,,1
SAAGGGGGSAGGGAGGAK,1
RLEEENSR,1,,,,,,,,1
SSPPKAMKLLPPAPGT,,,,1,,,1,1
VDKLDALESLR,1
ACLFTINKEDHTLGNIIKSR,1,,,,,,,,1
MDLGTAEGTRCTDPPAGKPAMAPKR,1
MAGDILVFLTGQFE,,,,,,1
VQISEVDAPPEGDQMPSSTDSR,,,,,,,,,,1
AGLDTPK,,,1
KSQAKYGISGEKDVSPDLSCADEISECYHK,1
FELTGMPGGMPGGFPGGGAPPSGGASSGPTIEE,,,,,,,,1
TKEELAR,1
MYTRAANMFKMAKNWSAAGNAFCQAAK,,,,,,,1
AELSNETDTSFAER,,,,,1
KSLQEKDATIR,,,,,1
VNASPAGR,,,,,,,,,,1
IIIVLDQK,,,1
KSTGGK,,,,,1,,,,,1
NITISREAQGEVPASD,,,,,,,1
TVLAEYNMSCDDTGK,,,,,,,,,,1
DVSNLESSGGTENKAGGK,1,,,,1,,,,1,1
TFTLKTVLMIAIQLITRMEYVHTK,,,,,,,,,,1
LSQDVK,1,,,,1,,,,1,1
MEPPKQKLSMLIR,,,,,,,,,,1
RMKWHSEDEIR,,,,,,,,,,1
KISLPK,,,,1,,,1
NNVASLVINKVD,,,1
TEEDLKK,1,,,,,,,,1
AASSTSQSGLSNSSHNCSNKPSIGK,,,,,,,,,,1
SSGLASK,,,,,,1
ALESEKELEELKK,,,,,1
DSSGGTK,,,,,1
SSSSGSVGESSSK,,,,,1
AKEVSPMSAPNMPSIER,,,,,,,,,1
TKMGQKGSSGLFRAVSAFGVVGFVR,,,,,1
TWNAVLLR,1,,,,,,,,1,1
GMKGSEVTAMLEK,,,,,1
ATGKTGPSAGVTGTTGLSAGVTGTTGLSAGVTE,,,,,,1
TIVCNTVQNE,,,,,,,1
ETMTVTFAEGNSPGESITTKVETNQTR,1
QAAAAASSGETPHQVGQTQGPISGDTSKLAMSTDPSQAQVPVGLD,,,,,,,,1
GAHPGTASELR,,,,,1
SSLSSSEGE,,,,,,1
TVASIKNDPPSR,,,,,,,,,1
TREAGVEAAPE,,1,1
ASGPDGATGR,,,,,,1
MLKCSNR,,,1
WDKMTMKELIDK,1
MAATFIGNSTAIQELFK,1,,,,1,,,,1,1
DFVSNLIVKDQR,,,,,1
DPPKKNAMNELQDELMTIR,1
EKSASKEEK,,,,,,,,,1
SQVLLTLTNPVE,,,,,,,,1
TITSIPE,,1
EASTSSPR,,,,,1,1
STVPTTQSSAMLATKAAATPEPAMAQPDSTAPEGATGQAPPSSK,,,,,,,,1
TFNTPAMYVAIQAVLSLYASGR,,,,,,1
KSVSTPVSAQMTSK,1,,,,1
EKNAKEELIR,,,,,1
MESQLKK,,,,,,,,,1
MDDSSTIQWSVSRTPTISLAGASMMEIK,1
TTLDDK,,,,,,,,,1
YSSISRFMGPSAGVNVAGMGSLTGIADAAKSLGPLHAAAAAAAPR,,,,,,,1
RMLSSSSSVSSLNSSTVR,,,,1,,,1,1
TSGNATVD,,,,,,,,1
CGTGMSSAK,,,,,,,1
VSTTVREMMLE,,,,,,1
ETVEGLQDKLNK,,,,,,,,,1,1
KETNKKGTNEK,,,,,,,,,,1
AGSSTLPPVK,,,,,,,,,,1
TLDELSQGTTTVK,1,,,,1
GASSKR,,,,,,,,,1
LSKDEVK,1,,,,,,,,1
VKSGTSGEK,,,,1
NGTTVIR,,1
LLTPK,,,,,,,,,1
TELEKYK,,,,,1
EKIDRRSGK,,,,,,,,,,1
KGMATCFAYGQTGSGKTYTMGGD,,,,1
SLSSMPGK,,,,,,,,1
ARHGSIR,1
DKRFGEYNSNMSPEEKMMK,1
DTSKPTPGTSLFTPSEGAASK,1
NSKGGSGGK,,,,,1,,,1
KELSEDIR,,,,,1
NKNWMNHLR,1,,,,,,,,1
CSSDANMLGEMMFGSVAMSYKGSTLK,,,,,,,,,,1
SMSELVEEK,,,,,,,,,1
GTMSAEEDARWLR,1
FQFPSHVTDVSEEAK,,,,,1
NCQIGMKTPFPSGYTLKK,,,,1
MAAGAGAGSAPR,1
RSPAPSLTTPTRAR,,,,,1
FEAGRTAYFTINGVSTADSGK,,,,,,1
MASRPRPR,,1
LASVSVSRTPDGSLLVR,1,1,,1,1,1,,,1,1
STSPLTPELK,,,,1
QSDQTIK,,,,,1
SYLSGMPECKFGMNDKIVIEKQGK,,,,,,,,,,1
TEEKMR,,,,,,,,1
IAKSEPPTLAQPSR,1,,1,1,1,1,,,1
LTLTGAQVR,,,,,,,,,1
MMVAGFKKQMADTGK,,,,,1
ITAPDSQGK,,1
QMAGTGGSPALLAWR,1,,,,,1
LSKAGSESSSSAGSSGSLSR,,,1
FEKETQE,,,,,,,,1
ESGAK,,,,,,,,,,1
KGGDRAYTR,1
KAVLASMDNENVR,,,,,,1
DSQPLASSKEMRSPHTQVLKSK,,,,,,,,,,1
SLNLSLSKDGGKKFK,,,,,,,,,,1
KLTELGTVDPK,,,,1
KPSPATR,,,,,,,,,1
RGPRRSSSDIAR,,,,,,,,,1
GASLLPGK,,,,,,,,,,1
LSLTGASRSE,,,,,,,1
MASTFIGNSTAIQELFK,,,,,1
TGTLTQNIMTFKRCSINGR,1
TFLPETR,1,,,,1
MTTKLGAATESGGAAGFATGTVSGAASGFGAATGVGICSSGQSGTMR,,,,,,,,1
TKDGSGLEE,,,1,1,,1
ELMESR,,1
KVLDQLSAGK,1
TQTSSNSPAVTEK,1
KSDQLK,,,,1
FLTPGK,,,,,,,,1
KSLLEIR,,,,1
EGTLMIRETSGEK,,,,,,,,,1,1
VLSSKGK,,,,,,,1
AAISETEDMPMFEPKMTR,1
AAATAGGQGGAARK,,,,,,,,,,1
IFPTDLVK,1,,,,1,,,,,1
SFSHSSDLSK,,,1
ALLTEMMERCKK,1
RSLSLGDKEISR,1
SLHGTVMK,,,,,,,,,,1
TKHGMMK,,,,1
MSAAAGSR,,,,,,,,1
IPSPYTLSK,,,,,,1
TTSAGTATPSSSGASGTTPSGSEGISTSGETTR,,,,,,,1
YQLGNSSHPAVNMHLGMSLLETDGDGGFMACAPLWSR,,,,,,,,1
MQSNKTFNLEK,,,,,1
LLLSLETK,,,,,,,,1
MAAATASPR,,1
TATVGGAMMGSTHIYDMSTVMSRK,1
MSQSGAVSCCPGATNGSLGRSDGVAKMSPK,,,,,,1
RENSLLR,1
NTKNR,,1
YEPSDSGKLRHVLSMDGFLSYLCSK,1
LQDSTK,,,1
AAADFATHGKLGK,,,,,1
TTSSTLK,,,,,,,1
NLSDTLK,,,,,,1
NMSSLTSLSVSTPKSSASSTFTSVPSMGIGMMFSTPTD,,,,,,,,1
FSSVPLDPMERPMSQAD,,,,,,,,1
TEAISSSR,,,,,,,,,1
ILSPR,,,,,1
VLGAFSDGLAHLDNLKGTFSQLSE,,,1,,,1,1,1
HTNYTMEHIRVGWEQLLTTIAR,,,,,,1
QVEDYPVDIYYLMDLSYSMKDDLWSIQNLGTK,,,,,,,,,1
LCGPDAGPIGNATGQAGRLGCMGDLFSTPD,,,,,,,,1
MSWTGPNNSSFQE,,,,,,1
IPTTNLHSNVIPTCEPQSLVENLTQKLNNVNNQLFMTD,,,,,,,1
MTMAKE,,,1,,,1
RSLELSSLAGPGEDPLSADSLGKPTR,1
TAVPTEQK,1
STSISGDMCSLEK,1,,,,,,,,1
SSSTMSK,,,,,,,,,1
HEGMSER,,,,,,,1
LDLPSGSK,,,,,,,,,1
IQSHSR,,,,,,,,1
ESPASSQPASMPQSK,,,,,,,,,1
THAEIK,,,,,1
FRDHAK,,,,,,1
KTPAHTVTMACISANQAMTTGVGLIASGQCDVIVAGGVELMSD,,,1
KQLSTMR,,,1
NTKDLNVK,1,,,,1
MDSDTLR,1,,,,1,,,,,1
WATMEELEK,,,,,1
TTALPGSTTTAGLSEK,,,,,,,1
MSSHKGSVVAQGNGAPASNR,,,,,,,,,,1
AQAEMQSSASSKDSSQSK,,,,,,,,,,1
MNTEQSQNSIVSR,,,,1,,,,,1
KSSLISSVSISSSSTSLSSSTSTEGSGTMKK,,,,,,,,,1
NRQEGLMIASSLLNEGYLQPAGDMSK,,,,,1
QDAEAAKR,,,,,,,,,1
LIGTPTPR,,,,,1,1
TALTEKCK,,1
QALSVSGALLE,,,,,,1
SAEVTGTIGSPAGVTGTTQLSAVVTGITGLSAEVTGTTGLSAGVTGITGLSAEVTR,,,,,,,1
KNTDVPLEGYLVTPIQR,,,,,,,,1
VKAKTIVMIPDSQK,1,,,,,,,,1
RSSQEWRCVNDK,,,,,,,,,1
FQVEAKLIDK,,,,,,,,,,1
LSAASTWLEDEGVGATTVMLK,,,,,,1
QYNKLR,,,,,,,,,,1
ELPTLK,,,,1
SSASSPTEEE,,,1
KNTGSPDR,,,,,,1
SEESSKPK,,,1
DVLQPLSR,,,,,1
NTGESASQLLDAE,,,,,,1
TINWTLLE,,,,1,,1
STGESSSVSER,1
SLTAEPQKAVLPTK,,,,,1
ATERKK,1
FSGPQNASSLKFE,,,,,,1
GKGATKAEKQAAMSK,,,,,,,,,,1
AGIYSKPGGYR,,,,,,,,,,1
KMEVSR,1
IQPLSTGTMTGLAIQFAITKAFGDAEGGR,,,,,,1
SSLVESDK,,,,,1
LHHTAMPGSVFSLGLPLATALAIANSCMNPILYVFMGQD,,,,,,1
ARSGSSSYSYGPMVSHTSVTNVGPR,,,,,,,,,,1
TGGTCTR,,,,1
KSGTCDILR,,,,,1,,,,1
LIKSR,,,,,,,,,,1
ENSSAASASSEAGSSR,,,,,,1
QSGGSQPSMR,,,1
DNGCFRSSGSLLNNAIK,,,,,1
ENITDPPR,,,,,,1
LLMASKKDDPGIIMKLK,,,,,,,,,,1
MVHHNTASLEKLVDTAWLE,,1
RKTSAR,,,,,,,,,1
TLMHLSR,,,,,1
TEDLSTEATTQD,,,,,,1
RIDGTTR,,,1
LKMQTKAEIR,1
HLSSEEMMR,,,,,,,,,1
TEPPKGKK,,,1,1,,1,,1
TGTPGLPGPPGPMGPPGDRGFTGKD,,1
TSSSLE,,,,,,,1
MALSYR,,,,,,,,,,1
IEHPLDPNSEEGSAQGVAMGMKFILPNR,,,,,,,,,,1
SGASAKALNE,,,,,,1
VRSVSVATSGSGFSR,,,,,1
EDESYQSALANK,,,1
AGDASK,,,1
TEAGAALPEGKAGK,,,,,,,1,1
THLTSLKTK,,,,,,1
FSEFSSWISTNE,,,1
TAIRNGQVWEE,,,,,,1
AAGAVDDGGCSR,,,,,,,,1
ASANARKRK,,,,,,,,,1
KSATSLKQD,,,1
VMLTTAGGTK,,,,,1
KTIGYKVPR,,,,,,,,1
MSLPDPSWDFSPPSFLE,,,1,1
TSVSAPSQGIPQGASTTPQAPTHPSRVSESTISGAK,,,,,,1
TSSAGSSR,,,,,,,1,1
KLNTRLMSQRI,1
SETLGSR,,,,,,,,,1
QTVATMTSEEKK,,,,,,,,1
WLRATWGSSTEHENR,,,1
STDHLEK,,,,,1
GGSGGGGGGSSGGRGSGGGSSGGSIGGR,,,,,,,,,1
SSDHTTNR,,1
SPGSGSQSGRK,,1
TDNKK,,,,,,,,,,1
GCGKILPNSPALNMHLVK,,,,,,,,,1
LLAVSASK,,,,,1
ITPSELPANPGCLHSKEHSIK,,,,,,1
QSISQKLMAGFVE,,,,,,,,1
QIASNSPGSSPKTSDPTQDLHFTPLLSPSSSTSASSTAK,,,,1
LVSPGGK,,,,1
VLGAFSDGLAHLDNLKGTFATLSE,,,,,,,1
RLVEKTE,,,,,,1
WNNTGCQALPSQDE,,,,,,1
GCNVDTPVSTLTPVK,,,,,1
RTKAAATAGGQGGAAR,,,,,,,,,1
AKARAEASMR,,,,,,1
LLQTTR,,,,,1
ATMPQVPGGSVKPK,,,,,1
ATLVGSSPSTSPPSALPPDVDPGEPMHASPPR,,,1
EGKALPATGQKANVSPEQPPLFTHTVKDSDHISTR,,,,,1
TSVNADPTK,1
TGGEAGITR,,1
MKYKR,1
MNPELRKALLQD,,,1
LQTSLPTTDHGSK,1
SAFSNLSTSQMLSPAQDSHTNTDLPPVSEQIMQTLSE,,,1
SSGNSPTPVSR,1
LLLLIPTDPAIQEALDQLDSLGR,,1
RVDDTR,,,,,1,,,,,1
QSVEK,1,1,,,,,,,1
QSNASSDVEVEEK,,,,,1,,,,1
YCSEILVVNE,,,,,,,,1
ASVLDTSMSAGSGSPSKTVTPK,,,,,1
DGRYLDDSWVNAPISK,,,,,,,,,1
QSKPVTTPEE,,,,,,1
DNSSFDK,1
SLQAPSVK,1
TQQIQEELEADR,,,,,,,,,,1
CARTILNK,,,,,1
AESTAETATPDGE,,,,1
KSKTK,,,,,,,,1
KEKTPATTPEAR,,,,,,,,,,1
APTISERAKK,,,,,,,,,,1
SLVGLSDELGK,,,1
LSVVGYSGSAGR,1,,,,,,,,,1
LSEIDFPMAR,,,,,1
GGTFKLE,,,,1
EHYVVEVKLPAR,,,,,,,,,,1
SQSTAKDKPSPGERPSLSQHR,,,,,,,,,1
SEDIPLNLSRE,,,,1,,1,,1
TIAKNK,,,,,,1
VKLADFGMTRR,,,,,1
SCEPIR,,,,,,,,1
KQQSIAGSADSKPIDVSR,,,,,,,,,,1
MLSRIWSRSLSLLSKGE,,,,1
KIKAALEAVGGTVVLE,,,,,,,,1
NTVGQK,,,,,,,,,,1
AVIMTGVMTDE,,,,,,1
NQFDTASRIAAQTCDPGGTPMSSAPPGPLAVYTIYFR,,,,,,,,1
RSDFTGSHSEPSTR,,,,,,,,1
STLQQLALHFLGGSMNSMAGGAPSPGPADTVEMVSEVEPPAPQVGAR,,,,,,,1
LPPKSEVSSD,,,,1
ALAISPSGR,,,,,,,,,1
KDSFLKTTGSDFSLK,,,,,1
MVTTTCYCKKAKPIPRR,,,,,,,1,1
FASKPASE,,,,1
ESLTLNVQYEPEVTIE,,,,,,,1
VQGASSSAAPPTLNPAPQK,,,,,,,,,1
KTDPSGLSK,1
VVLHFMVGSPSAAVSQDLAQLLSQAGLMK,,1
GSPGKTGPR,,,,,,,,,,1
QEIMCTGHESK,,,,,,,,,1
AGSLAALEK,,,,,,1
EAASVSSADTGLCSE,,,1
LTGTSNNSAGK,,1,,,,,,,1,1
LAATSYK,1,,,,,,,,1,1
LKMQNGSKGSGLQNK,,,,,,,,,,1
VIGKGSFGK,1
LSEPESK,,,,,,,,,1
QIQMVIDSGIVPHLVPLLSHQE,,1
TAFLK,1
TRAASCPAAKAGGSGGAGVTLDE,,,,,,1
ITPINEDIE,,,,,,,,1
VSPMLYK,1
GAPGSSGDEPPSSSSQDE,,,,,,1
KLTWTTTSR,,,,,,,,,,1
IGNTGGMLDNILASK,,,1
TKATAPGPE,,,,,,1
LELLSIDTER,1,,,,,,,,,1
EQVPSAGR,,,,,,,1
MPQSFSAITLSNTEMNNIKTNAQRNK,,,,1
KSSEKTDFIK,,,,,1
VTALVGPSGSGK,,,,,,,,,,1
LKPALEPR,,,,,,,,,,1
RGSTAGGTR,,,,,,,,,1
SSVTKQVPRPPERR,,,,1
SKEALIQCLK,,,,,,,,,1
ADEKGGK,,,,,,,,,1
EQALSPRSQEK,,,,,1
TTGLDEGLE,,,,1
EGGLLTLAGAK,,,,,,,1
GTGASGSFKLSK,,,,,,,,,,1
DGDGEVSEQEFLR,,,,,1
ELYSSGEFSSGRKWGDDAPK,,,,,,,,,1
KVVEFLAMLKNTVPITFPSSYKDALK,1
LSCTRLGQWAIGYVTADGNILQTIPHNKPLFQALIDGFREGFYLFPDGR,,,,,,,,,1
MVKLLTDSRLPE,,,,,,1
HPESSLSSEEE,,,,,,1
KEKPAEK,,,,,1,,,,,1
SKSSFNFLR,,,,,,,,,,1
AMTSGAMSTPLMTAQTSGSTSTLLMR,,,,,1
KSKPIK,1,,,,,,,,1,1
IPAEGTLSK,,,1
VESEQQYFEIEK,,,,,,,,,1
SSVNLLMANLESMPVSKGGEFK,,,,,,,,,,1
QSVSEAVR,1
TDSGMHAMEDQE,,,,,,1
LKSATGSVVSTRK,1
DDDAAPRVEGVPVAVHK,,,,,,,,,,1
LPLTR,,,,,,,,,1
VLTSQLVTSGVSSYQHTSVTLEFFETVVR,,,,,,,,1
GTEQGEDPR,,1
TQQSLAAIVDSLK,1
QPTFPK,,,,1
SKQPFGDMTIK,,,,,,,1
KKLANDPR,,,,,,,,,1
NMAPGAVCSPGESK,,,,,,,,1
TCPSREDFPLIETEDEAYLR,,,,,,,,,,1
MAAPAPGAGAASGGAGCSGGGAGAGAGSGSGAAGAGGR,,,,,,1
EMFATMSKLK,,,,,,,,1
TNTYIK,,,,,,,,,1,1
MQPKGTE,,,,,,1
TKFENLCKIMK,,,,,,,,,1
LLESQTAPTR,,,,1
ILKTSR,,,,,,,,,1
ANWMAFVAPSICIAIIMVGIFSTHYFQQKVFVLLAALRPQWCSR,,,,,,,,1
SGEMEGFNSGLNSGGSTNSSPKVSPK,,,,,,,1
LATVEELKEIGAEVR,,,,,,,,,,1
NNLELSTPLK,,,,,1
LNDHFPLVVWQTGSGTQTNMNVNE,,,1
QHSWILR,,,,,,,,,1
SSSPGNK,1,,,,,,,,1,1
LPSTEVK,1
MQLLGLLGLLWMLKASPWATGTLSTATSISQVPFPRAEAASAVLSNSPHSR,,,,,,1
ESRDLQDR,,,,,1
TSSTIE,,,1
VTPGSKSR,1
LKMGNLQNSPVNMNPPPLSKMGSLD,,,,1
TIIQNPTDQQKK,,,,,,1
KPESSVSSATGD,,1,,,,1
MATWALLLLAAMLLGNPGLEVSVSPKGKNTSGRESGFGWAIWMEGLVFSR,,,,,1
SMNTEESNQGSTASD,,,,1
TTLNKTMISPPQTAMK,,,,,,1
SINEMKR,1
SLQSISTKMEAIE,,,,,,1
HSELSTVTLR,,,,,1
SVGVSTSAPLSPTSGTSVGMSTFSIM,,,,,,,,,1
AKVHELIER,,,,,,,,,,1
ESQEPTE,,,1
TLETHSNK,,,,,1
LNALDMDAIKK,,,,,,,,,,1
FLESPDFQPSIAK,,,,,,,,,,1
KKSIR,,,,,,,,1
LKGAAPLK,1
SAVNEIALSRNK,,,,,,1
TILIIR,1
MDPGKDK,,,,,,,,,,1
LTAMAGESYSR,,,,,,,,1
MKPSPAGTAK,,,,,1
TLSLMS,,,,,,,,,1
KATKSK,,,,,1
LPLPSK,,,,,,,,,1
LVTETAGK,,,,,,1
LEVFNMK,,,,,,,,,,1
ISDFGLSR,,,1,1,,1,,1
DGDEMTR,1
TLSVSEDR,,,,,,1
GKGSLGSQGAKDEPEEELQK,,,,,,,,,1,1
SIEKAKIGR,1
GLAQPSEWGLPTSASEVATQTWTVNSEASVE,,,,,,,1
MRTALGKHVAASMEM,,,,,1
QGKASTVK,1
SAAQMEVASFLLSK,,,,,,,,,1
GKRGVGSAGWPDR,,1,,1
TEFTTALQR,,,,,1
SMQDVVEDYK,,,,,,1
QLVVSYFPDK,,,,,,,,,,1
GPPARAHMSTSGAAAAGGTRAGSEPGAGSGSGAGTGAGAATGAGAMPCK,1
SSENGALPVVSVVR,,,,,,,,,1
QSSHRTIHK,,,,,,,,,1
GTFDPDNLEK,,,,1
AIETTDVTR,,,,,1
SKLPVLQK,,,,,,1
AEMHKTR,1
KSGNSMDRR,,,,,,,,,1,1
QLSGSYMETLIEK,,,,,,1
ISAMSAHDKAALSE,,,,,,,1
QSTLELR,,,,,1
IFESLNEE,,,,1,,1
LLSTTHPR,,,,,,,1
KAQAAEMKAANE,,,1
QMLPIVK,1,,,,,,,,,1
DALTAEKSKIETEIK,,,,,,,,,,1
NTTTSPTE,,,1
LKVSAVLCVCAAAWCSQSLAAAAAVAAAGGRSDGGNFLDDK,,,,,,,,,1
TIKPEK,1
MFPYEASTPTGISASCR,,,,,,1
TVMKANLHK,,,,,,,1
GDSPGRGAPER,,,,,,,,,,1
SILLDMATR,,,,,,,,,,1
SSSPSVR,,,,,,,,,1
VMLSKTMDKE,,,,,,1
TPLVMLKASIPK,,,,,,,,,1
LVLEFFSSR,1,,,,,,,,,1
KASGDK,1
EASASPPR,1,,,,,,,,1,1
MEQLSSANTR,,,,,1
RMALLMAEMSR,,,,,1
KSKPK,1,,,1
LSIEQSK,1
YMERCMSPPISMAETSAVCTAASVIR,,,,,,,1
NVKAQSQTDRANLGTLR,1
TEAAMEK,,,1
KCPEWMNVQNK,1
IIPSR,,,,,,,,,,1
LGSSK,,,,,,,,,,1
LLATAER,,,,,1
MNKMVTSEEQMKLPSTKK,,,,,,,,,,1
LSELLKE,,,,,,1
NMSSLTSLSVSTPKSSASSTFTSVPSMGIGMMFSTPTDNTKR,,,1
AGTVGTTK,,,,,1
RGCSQQVSSNE,,,,,,1
TTTTSTSMAGSEATTTSTADSK,,,,,,,,1
DFDIAGNFDPMIPDAECLKIMCEILSSLQIGDFLVKVNDRR,,,,,,,,,1
SSGSGCVK,,,,,,,,,1
MRNSETLER,,,,,,,,,1
LTPDPSDPGSPAVCR,,,,,,,,1
TTMIMPSALQE,,,1,,,1
SMVALRTASQHCGSE,,,,,,1
MNQNTDKISGSGSNSDMMENSKEEGTSSSEKSK,1
STKPSPMNPLPSSHMPGAFSE,,,,1
LIGTEKSLPQGSMSSIK,,,,,,,,,1
FETRPSEFAEK,,,,,,,,,1
DKLFDQRELR,,,,,,,,,,1
CAMNNWLRSAEIGQE,,,,1
LSDSLGQR,1,,,,,,,,1,1
ESASSSSSVKK,,,,,1
MTSHNGMEDSGGGGTGVKKKR,,,,,1
DRYISKMFLR,1
EYFHSHVSGGHPEATPLRVMYTD,,,,,,1
EFVMQVKVGNEVATGTGPNKK,,,,,,,,,1
TSMKFVKNVIAGIR,,1
AISRSSSSTSSVSSTAGEGEAME,,,,,,1
VPETVSAATQTIK,,,,,1
LSSQRGKVFKLR,,,,,,,,1
TGCPRGMVKVSNCTPR,,,,,,,,1
TCMIATISPGMASCENTLNTLR,,,,,1
WCGVQAHSLCSAALAPE,,,,,,1
AFKSAE,,,,,,,,1
MLGNSAPGPATR,,,,,,,,,1
SKSQIK,,,,1,,1
LCVILEPMQELMSRHK,1,,,,,,,,1,1
FSAQSQAR,,,,,,,,,,1
GEPPKSGDRSGYSSPGSPGTPGSR,,,,,,,,,1
DYTIQALLE,,,,,,1
QTAAEVSEK,,,,,1
MAAEKQVPGGGGGGGSGGGGGSGGGGSGGGRGAGGEENK,,,,,,,,,,1
KSSETLR,,,,,1
DSSNGLDPQE,,1,1,1,,1
RSESPPGPGGDASLLAR,,,,,1
GVHNLTPEPGNVTE,,,,,,1
GMDEQLTSLK,,,,,1
FLLSESGSGK,,,,,,,,,1
SFIHIKEVTVE,,,,,,,1
VSTPSAEK,,,,,,,,,1
